id_registro,id_coleta,data_scraping,data_analise_ia,data_geolocalizacao,url_post,shortcode,perfil,data_publicacao,legenda,tipo,imagens
1c63900212ee6f7d4b83459a53fc50e4b0183023d381b29f7819390f9004a77a,,,,,https://www.instagram.com/p/DdPMOrrEZFV/,DdPMOrrEZFV,floripa.cultural,2026-09-13 15:20:36,,,
15913938258719aafb7b9788451962f4ef697bd199d92cce3410052d454d874e,,,,,https://www.instagram.com/p/DdMBGLKRUlr/,DdMBGLKRUlr,floripa.cultural,2026-09-12 09:50:32,,,
539ec6728964991c9687856935ebb395fed2ef7a17c6607a3ec2a890875f5b25,,,,,https://www.instagram.com/p/DdJeYuKkXuK/,DdJeYuKkXuK,floripa.cultural,2026-09-11 10:03:49,,,
c44a31e6b8a54dc582a8095145af5d65ee7ee00271f9169a7c46b72aa148951b,,,,,https://www.instagram.com/p/DdPmyPsBM3t/,DdPmyPsBM3t,bugiotrindade,2026-09-13T22:14:31.000Z,"SEGUNDA TEM MÚSICA BRASILEIRA DA BOA! 🎶🍻

A Roda de Choro Bugio é uma roda que sempre muda, com participações especiais frequentes e diversidade de instrumentos. Ela toma conta do salão com um repertório que celebra grandes nomes do gênero e mostra toda a riqueza dessa tradição brasileira.

Som agradável, clima gostoso, chope gelado e comida saindo da cozinha pra acompanhar a noite.

Vem curtir essa roda com a gente!

Toda segunda-feira
Bar às 17h | Roda às 19h30
Contribuição sugerida: R$20

Espaço acessível para pessoas cadeirantes
Música ao vivo com volume alto
Cardápio acessível com vídeo em LIBRAS

EVENTO COLABORATIVO! APOIAR OS CHORO? GOSTOSO DEMAIS!",Image,"[""https://instagram.fbcn7-2.fna.fbcdn.net/v/t51.82787-15/809209376_18019298912923638_5248153458579883876_n.jpg?stp=dst-jpg_e35_tt6&_nc_cat=108&ig_cache_key=Mzk4NTU3NDc3MzgzMjA3Njc4MQ%3D%3D.3-ccb7-5&ccb=7-5&_nc_sid=58cdad&efg=eyJ2ZW5jb2RlX3RhZyI6IkZFRUQueHBpZHMuMTM1MC5zZHIucmVndWxhcl9waG90by5DMyJ9&_nc_ohc=NvEtxGmeZ00Q7kNvwHzzaLC&_nc_oc=AdrIVnvkc_RquBUFsRDXxnvfCWSmKjAfPPXtoiQyJET468xGemjP-E5o7KQGgnsm9kM&_nc_ad=z-m&_nc_cid=0&_nc_zt=23&_nc_ht=instagram.fbcn7-2.fna&_nc_gid=3cKskU3m02P34paTgPMCzQ&_nc_ss=7a22e&oh=00_AQJgr83O6tTuk-Ra_jTNWIMEfPZOHj6B1NlX6AiKa2C01w&oe=6AAD060F""]"
30fcb674f7b3ada37db8eb226875e89e778e0a687e1413f57fbb96bfd30ef24b,,,,,https://www.instagram.com/p/DdPhsRZo3AQ/,DdPhsRZo3AQ,rodrigomancusi,2026-09-13T21:30:31.000Z,"FLORIPA, bora soltar essa voz? 🫶🏽✨

Dia 15/09 acontece a Vozes à Solta, minha oficina de canto no Bugio Lab, no centro de Florianópolis.

Um encontro pra gente investigar a voz com menos medo e mais liberdade: vamos trabalhar ritmo através do corpo, exercícios e técnicas vocais, canto em conjunto e caminhos pra se sentir mais seguro na hora de cantar e se expressar.

A ideia é estudar, experimentar e, principalmente, se divertir usando esse instrumento lindo que a gente carrega no corpo. ✨

📍 Bugio Lab — Centro, Florianópolis
📅 15/09
💰 R$ 80
👯 Se você trouxer amigos e vocês se inscreverem juntos, cada pessoa ganha 7% de desconto.

Inscrições pelo link na bio da Bugio.

Vem cantar comigo! 💛",Video,"[""https://scontent-muc2-1.cdninstagram.com/v/t51.82787-15/809373868_18624594913048600_1432752223229467952_n.jpg?stp=dst-jpg_e15_tt6&_nc_cat=110&ig_cache_key=Mzk4NTU1MjM3MzEyMTc3MzU4NDE4NjI0NTk0OTA3MDQ4NjAw.3-ccb7-5&ccb=7-5&_nc_sid=58cdad&efg=eyJ2ZW5jb2RlX3RhZyI6IkNMSVBTLnhwaWRzLjcyMC5zZHIudmlkZW9fZGVmYXVsdF9jb3Zlcl9mcmFtZS5DMyJ9&_nc_ohc=eC2wxU0wiGEQ7kNvwFce9NC&_nc_oc=AdqIsDg9vQUQtbBW0-nryAS8bJ6zxZE3R46IxdxP6rklGyLE07d_ZmC6oJQADB1WnI8&_nc_ad=z-m&_nc_cid=0&_nc_zt=23&_nc_ht=scontent-muc2-1.cdninstagram.com&_nc_gid=vrRB4UAiAyEGoa8dvONqzg&_nc_ss=7a22e&oh=00_AQKAhYb68Fxnqqp5DijfH_8l2t00Jcr4L0le2UULiDf1-A&oe=6AACE64A""]"
abba7c0b0232c268e8ec04569e4768a8ee1f348d823f75256feb5bc9605e0b42,,,,,https://www.instagram.com/p/DdO5voUlfwI/,DdO5voUlfwI,bugiotrindade,2026-09-13T15:39:04.000Z,"SEMANINHA PRA LÁ DE ESPECIAL POR AQUI 🫶✨

〰 SEGUNDA | CHORO BUGIO 🎶🍻
Nada de baixo astral pra começar a semana: a Roda de Choro Bugio chega junto com aquele repertório fino e energia que a gente PRECISA pra iniciar a semana! 

〰 TERÇA E QUARTA | ABERTO PARA BATE PAPO E ENCONTROS + CHOPE EM DOBRO ATÉ AS 20H 🍻
Chega mais com sua galera pra botar o papo em dia com bons drinks, chopes e comidinhas! Promô de chopes e drinks de 300mL em dobro até as 20h! 

〰 QUINTA | MIXA E IAN FABRIS APRESENTAM O CANTO DO SABIÁ
Duo Sabiá surgiu do encontro das almas rasantes e do canto Sabiá de Michela Buck e Ian Fabris. Com um repertório repleto de autenticidade brasileira, presença e alquimia sonora, Ian e Michela se unem a Juliano Melego, trazendo a atmosfera rítmica que tanto vai te levar a voar pela noite, quanto trazer o aconchego emocional do Ninho! 

〰 SEXTA | NOITE PARAENSE COM  BANZEIRO DA MAGIA
 Banzeiro da Magia vem com seu repertório focado em ritmos amazônicos e paraenses, incluindo Carimbó, Lambada, Guitarrada, Cúmbia e Brega! Uma delicia!

〰 SÁBADO |  FORRÓ DO MANCUSI 🎶
Depois do sucesso das duas primeiras edições, o Forró do Mancusi volta a Florianópolis para sua terceira edição, com cantor, compositor e ator Rodrigo Mancusi, o baile atravessa algumas das grandes referências do forró e da música nordestina que acompanham sua trajetória, em uma noite feita para cantar junto, dançar e suar e ser feliz d+++!!

TODOS OS EVENTOS SÃO COLABORATIVOS: APOIE OS ARTISTAS!",Sidecar,"[""https://instagram.fsyd14-1.fna.fbcdn.net/v/t51.82787-15/807658332_18019253783923638_421651971890372082_n.jpg?stp=dst-jpg_e35_tt6&_nc_cat=108&ig_cache_key=Mzk4NTM3NTYxOTIxNDUxMTYyOA%3D%3D.3-ccb7-5&ccb=7-5&_nc_sid=58cdad&efg=eyJ2ZW5jb2RlX3RhZyI6IkNBUk9VU0VMX0lURU0ueHBpZHMuMjUyNy5zZHIucmVndWxhcl9waG90by5DMyJ9&_nc_ohc=gBfKK5sLPhYQ7kNvwFZkarn&_nc_oc=AdpIMOkyBqmcaM1s--rRXKC95m6jegsun2DiwiLTVdDhIzfgGi82vgt4Y20kspqO2wU&_nc_ad=z-m&_nc_cid=0&_nc_zt=23&_nc_ht=instagram.fsyd14-1.fna&_nc_gid=DgGqhEwqegfDM9zhfgMMXw&_nc_ss=7a22e&oh=00_AQLnaA717Ln2ILrcKc-kH4dQDyZ85uWMpiDMUjqU_eYpKA&oe=6AAD1331"", ""https://instagram.fsyd14-1.fna.fbcdn.net/v/t51.82787-15/808155649_18019253801923638_6851513958517529428_n.jpg?stp=dst-jpg_e35_tt6&_nc_cat=108&ig_cache_key=Mzk4NTM3NTYzMTQxMTgwODgyMg%3D%3D.3-ccb7-5&ccb=7-5&_nc_sid=58cdad&efg=eyJ2ZW5jb2RlX3RhZyI6IkNBUk9VU0VMX0lURU0ueHBpZHMuMTA4MC5zZHIucmVndWxhcl9waG90by5DMyJ9&_nc_ohc=0sfH2xEeW_wQ7kNvwEnajIb&_nc_oc=AdqX70SiXFyMApT8o-ALZE72rSSF_LLUcZNm-pUA-M8tJaTA8ZWR7P1BKuFMEJfYrRM&_nc_ad=z-m&_nc_cid=0&_nc_zt=23&_nc_ht=instagram.fsyd14-1.fna&_nc_gid=DgGqhEwqegfDM9zhfgMMXw&_nc_ss=7a22e&oh=00_AQIQHAgNy5F0TW6NUdGWGT_G9OfNFneGp847K-1zUN1tfQ&oe=6AAD0E0C"", ""https://instagram.fsyd14-1.fna.fbcdn.net/v/t51.82787-15/808564930_18019253828923638_4444861794371920989_n.jpg?stp=dst-jpg_e35_tt6&_nc_cat=103&ig_cache_key=Mzk4NTM3NTYzNDgzNDI0Mjc0Nw%3D%3D.3-ccb7-5&ccb=7-5&_nc_sid=58cdad&efg=eyJ2ZW5jb2RlX3RhZyI6IkNBUk9VU0VMX0lURU0ueHBpZHMuMTA4MC5zZHIucmVndWxhcl9waG90by5DMyJ9&_nc_ohc=C-C1vq7rz6IQ7kNvwFEFONl&_nc_oc=AdplCwExzd0-ne0oNs9xo3MPTb2uRGjP8gfnWjunpHO967pJESUFJ_iu0JN14F0O9Is&_nc_ad=z-m&_nc_cid=0&_nc_zt=23&_nc_ht=instagram.fsyd14-1.fna&_nc_gid=DgGqhEwqegfDM9zhfgMMXw&_nc_ss=7a22e&oh=00_AQKe8aIRqsk4X7eSNlOIcq20rHypRZkbi-QDROHnvvi8qQ&oe=6AAD0092"", ""https://instagram.fsyd14-1.fna.fbcdn.net/v/t51.82787-15/808847344_18019253843923638_5983868719988306753_n.jpg?stp=dst-jpg_e35_tt6&_nc_cat=110&ig_cache_key=Mzk4NTM3NTYzNDMzNzc3MjI4Nw%3D%3D.3-ccb7-5&ccb=7-5&_nc_sid=58cdad&efg=eyJ2ZW5jb2RlX3RhZyI6IkNBUk9VU0VMX0lURU0ueHBpZHMuMTA4MC5zZHIucmVndWxhcl9waG90by5DMyJ9&_nc_ohc=lGl-tuRrPm0Q7kNvwGffA7k&_nc_oc=Adpn-n0PvuRDoYQ8jt51YDrz89svNx31YeKcZ_QfpUrvBaVlt3LFITiSddJe8h482uk&_nc_ad=z-m&_nc_cid=0&_nc_zt=23&_nc_ht=instagram.fsyd14-1.fna&_nc_gid=DgGqhEwqegfDM9zhfgMMXw&_nc_ss=7a22e&oh=00_AQINR_1oKHoJ8hkRn0PLTABjteCuE7jmhhj_TPlYboHEZw&oe=6AACE13D"", ""https://instagram.fsyd14-1.fna.fbcdn.net/v/t51.82787-15/808322202_18019253810923638_6267848250221382138_n.jpg?stp=dst-jpg_e35_tt6&_nc_cat=102&ig_cache_key=Mzk4NTM3NTYzNTYwNTkxOTY5Ng%3D%3D.3-ccb7-5&ccb=7-5&_nc_sid=58cdad&efg=eyJ2ZW5jb2RlX3RhZyI6IkNBUk9VU0VMX0lURU0ueHBpZHMuMTA4MC5zZHIucmVndWxhcl9waG90by5DMyJ9&_nc_ohc=BMGQD6g8088Q7kNvwGRHBoF&_nc_oc=Ado4qHHr5MVzyUKnOKuOWcP1-Drfn8IkCOMqr65UWncJmTB4g98EMABYUbCxB7qbkQg&_nc_ad=z-m&_nc_cid=0&_nc_zt=23&_nc_ht=instagram.fsyd14-1.fna&_nc_gid=DgGqhEwqegfDM9zhfgMMXw&_nc_ss=7a22e&oh=00_AQJJE2nW9WeTNGQY3lWPcls2LL1mK_fHc-SG1hEERZJM9A&oe=6AAD087C"", ""https://instagram.fsyd14-1.fna.fbcdn.net/v/t51.82787-15/801582330_18019253798923638_6844334806676024676_n.jpg?stp=dst-jpg_e35_tt6&_nc_cat=102&ig_cache_key=Mzk4NTM3NTYzNjA4Mjg5OTQwNQ%3D%3D.3-ccb7-5&ccb=7-5&_nc_sid=58cdad&efg=eyJ2ZW5jb2RlX3RhZyI6IkNBUk9VU0VMX0lURU0ueHBpZHMuMTA4MC5zZHIucmVndWxhcl9waG90by5DMyJ9&_nc_ohc=p2Un_CO4CfYQ7kNvwGaPJrw&_nc_oc=AdpGgqkeYSvPfnJYmrgZYoXGtV3mIFuAPppkDLq5fNN0e56N-A5LWiX2ShcSBREVuHE&_nc_ad=z-m&_nc_cid=0&_nc_zt=23&_nc_ht=instagram.fsyd14-1.fna&_nc_gid=DgGqhEwqegfDM9zhfgMMXw&_nc_ss=7a22e&oh=00_AQInI8SX9BcvXPd5yl82azMj7v5HSxbFRUBePXqY6lZqcw&oe=6AACFBA3"", ""https://instagram.fsyd14-1.fna.fbcdn.net/v/t51.82787-15/792046444_18019253891923638_323734601558954685_n.jpg?stp=dst-jpg_e35_tt6&_nc_cat=107&ig_cache_key=Mzk4NTM3NTYzODI3NzExMjYwMQ%3D%3D.3-ccb7-5&ccb=7-5&_nc_sid=58cdad&efg=eyJ2ZW5jb2RlX3RhZyI6IkNBUk9VU0VMX0lURU0ueHBpZHMuMTA4MC5zZHIucmVndWxhcl9waG90by5DMyJ9&_nc_ohc=PkUc7ij5A60Q7kNvwGY004M&_nc_oc=AdqbCTKExApJpLVUOCIsHBsaKDYFRTzquTCSGclpfuweYn3BR3HJ2WkVQ3n7ID8Q0vA&_nc_ad=z-m&_nc_cid=0&_nc_zt=23&_nc_ht=instagram.fsyd14-1.fna&_nc_gid=DgGqhEwqegfDM9zhfgMMXw&_nc_ss=7a22e&oh=00_AQKWwdTG3lIhdypVH14xdTmS_0kW9CfxzmFwXttUc2tIDA&oe=6AACE78D"", ""https://instagram.fsyd14-1.fna.fbcdn.net/v/t51.82787-15/806299643_18019253852923638_4880041524641688065_n.jpg?stp=dst-jpg_e35_tt6&_nc_cat=108&ig_cache_key=Mzk4NTM3NTYzNzkxNjY5NjQ2NA%3D%3D.3-ccb7-5&ccb=7-5&_nc_sid=58cdad&efg=eyJ2ZW5jb2RlX3RhZyI6IkNBUk9VU0VMX0lURU0ueHBpZHMuMjE2MC5zZHIucmVndWxhcl9waG90by5DMyJ9&_nc_ohc=2_QBWPoga7AQ7kNvwEMEIox&_nc_oc=AdqVRIiYShtmrJUIU1E2cUpdIrgTgVhOcbsZtUqxzKYOzxt31QwXQEavGr5GZWFSi_w&_nc_ad=z-m&_nc_cid=0&_nc_zt=23&_nc_ht=instagram.fsyd14-1.fna&_nc_gid=DgGqhEwqegfDM9zhfgMMXw&_nc_ss=7a22e&oh=00_AQJ0zm3FegoF78XixCyFwJet7vSpg0RlmU_r5KKg3bpn8g&oe=6AAD0564"", ""https://instagram.fsyd14-1.fna.fbcdn.net/v/t51.82787-15/809163210_18019253819923638_3285489329208101255_n.jpg?stp=dst-jpg_e35_tt6&_nc_cat=102&ig_cache_key=Mzk4NTM3NTYzODgyNTg5ODU4NQ%3D%3D.3-ccb7-5&ccb=7-5&_nc_sid=58cdad&efg=eyJ2ZW5jb2RlX3RhZyI6IkNBUk9VU0VMX0lURU0ueHBpZHMuMTA4MC5zZHIucmVndWxhcl9waG90by5DMyJ9&_nc_ohc=2072EATreYUQ7kNvwF9zd7F&_nc_oc=AdqCwxniZv4NPOm4W0iyRtMblSbO8wVVKijcOpF8KQbCplg6z1YnSFFssgrqEJjRMPw&_nc_ad=z-m&_nc_cid=0&_nc_zt=23&_nc_ht=instagram.fsyd14-1.fna&_nc_gid=DgGqhEwqegfDM9zhfgMMXw&_nc_ss=7a22e&oh=00_AQIffb0zIN_abvRaUEcJlpQfjFs1dfjqG0lPVkoxa4lM_Q&oe=6AAD0D06"", ""https://www.instagram.com/p/DdO5gKfyI4M/"", ""https://www.instagram.com/p/DdO5gV2zIo2/"", ""https://www.instagram.com/p/DdO5gZCyry7/"", ""https://www.instagram.com/p/DdO5gYlMzL_/"", ""https://www.instagram.com/p/DdO5gZwyZfQ/"", ""https://www.instagram.com/p/DdO5gaNN7nN/"", ""https://www.instagram.com/p/DdO5gcQAMMZ/"", ""https://www.instagram.com/p/DdO5gb6hT-Q/"", ""https://www.instagram.com/p/DdO5gcwtpJZ/""]"
30d3720cefb93098bc8ec7d02a0fb3b299a8855ff033853b79d2d45e55049c71,,,,,https://www.instagram.com/p/DdO1aiAFHjn/,DdO1aiAFHjn,bugiocentro,2026-09-13T15:01:14.000Z,"Excepcionalmente neste domingo o bar abrirá às 16h!

Tivemos ontem instalações de postes na rua e ficamos sem água devido ao rompimento de um cano. 
Por esse motivo foi inviável a abertura do bar hoje às 12h30 como de costume, a FEIJOADA e o @sambadolargofloripa de hoje estão CANCELADOS! 

Às 16h abriremos com set em vinis da Vinilaria!

Aproveitamos a leva de avisos pra informar que nossa cozinha entrará em reforma de segunda à quarta-feira.",Sidecar,"[""https://instagram.fmel16-1.fna.fbcdn.net/v/t51.82787-15/806366147_18475041718115878_6134736690846412796_n.jpg?stp=dst-jpg_e35_tt6&_nc_cat=110&ig_cache_key=Mzk4NTM1Njk2NTU0OTQ5OTc3OQ%3D%3D.3-ccb7-5&ccb=7-5&_nc_sid=58cdad&efg=eyJ2ZW5jb2RlX3RhZyI6IkNBUk9VU0VMX0lURU0ueHBpZHMuMTI4NC5zZHIucmVndWxhcl9waG90by5DMyJ9&_nc_ohc=K_DBPe8JMiIQ7kNvwF9ZzQr&_nc_oc=AdpHpteFEdNYvAq1rqUbteLDJBDnoc5dHkHyMdYFIDNAsVq1MhdsYsbOaGL1rbLqsYQ&_nc_ad=z-m&_nc_cid=0&_nc_zt=23&_nc_ht=instagram.fmel16-1.fna&_nc_gid=BkeVGxrOfIJmR3w9zOQdwA&_nc_ss=7a22e&oh=00_AQJyaPoe31jHz3P4fOeJqsuSOaFYqy_MJ3JrD3nKI6nPhQ&oe=6AACF4E6"", ""https://instagram.fmel16-1.fna.fbcdn.net/v/t51.82787-15/808535589_18475041856115878_4713965265909076514_n.jpg?stp=dst-jpg_e15_tt6&_nc_cat=107&ig_cache_key=Mzk4NTM1NzAwODMzNzEzMDI5OQ%3D%3D.3-ccb7-5&ccb=7-5&_nc_sid=58cdad&efg=eyJ2ZW5jb2RlX3RhZyI6IkNBUk9VU0VMX0lURU0ueHBpZHMuNzIwLnNkci52aWRlb19kZWZhdWx0X2NvdmVyX2ZyYW1lLkMzIn0%3D&_nc_ohc=ErX7KHLezLgQ7kNvwHv9pbb&_nc_oc=Adpl5nokj1mq8SHAHvkNbH58PRdx5wlC3DRQTnKuyWO2kCZx3S1vYUi3b5hCz3TUxhk&_nc_ad=z-m&_nc_cid=0&_nc_zt=23&_nc_ht=instagram.fmel16-1.fna&_nc_gid=BkeVGxrOfIJmR3w9zOQdwA&_nc_ss=7a22e&oh=00_AQIXnlIU5sRgyXkQwNKKhppISqBsnKWARGnaOZT5HShC5Q&oe=6AAD09AB"", ""https://www.instagram.com/p/DdO1Qt6tOWD/"", ""https://www.instagram.com/p/DdO1RVxDFM7/""]"
ad35c02ca2dd424174021607a82c17b71468b5fd92f64ac24e2ba95b7fd0b7e9,,,,,https://www.instagram.com/p/DdNRalapD8v/,DdNRalapD8v,bugiolab,2026-09-13T00:34:12.000Z,"Por mais tardes de arte e cultura na coletividade 💫✨

Hoje tivemos encontro de bordado livre com @linhas_do_desterro , encontro de desenho com @modelo.vivo.floripa , ateliê de cerâmica com @corpusceramicas. Tudo isso enquanto a roda Samba Choro fazia uma trilha sonora impecável! 

Sábado que vem tem mais! 🫶",Video,"[""https://instagram.fadl7-2.fna.fbcdn.net/v/t51.82787-15/807750539_17954605317250034_695833447136362993_n.jpg?stp=dst-jpg_e15_tt6&_nc_cat=109&ig_cache_key=Mzk4NDkxNzgzODk2NTI2MDA3OTE3OTU0NjA1MzE0MjUwMDM0.3-ccb7-5&ccb=7-5&_nc_sid=58cdad&efg=eyJ2ZW5jb2RlX3RhZyI6IkNMSVBTLnhwaWRzLjEyODQuc2RyLnZpZGVvX2RlZmF1bHRfY292ZXJfZnJhbWUuQzMifQ%3D%3D&_nc_ohc=dhp9TjCUsKIQ7kNvwEBeu_z&_nc_oc=AdqKosDAdjNGe7xXohUSp-1RAQOCZF941UEZHZuJFJxxyBOLtffVTBa55UUVjbzULPE&_nc_ad=z-m&_nc_cid=0&_nc_zt=23&_nc_ht=instagram.fadl7-2.fna&_nc_gid=6Tp7GYKMlgh5XDOUYtW8nA&_nc_ss=7a22e&oh=00_AQJ_QZbZyDVfbD3tycxkeNh1mreSkfk7Aedw_o8hznXffQ&oe=6AACFF1A""]"
9ec3557c1fe74f91ccc363d1542dadc163647b74f712dcf59b728fa319e743d5,,,,,https://www.instagram.com/p/DdMtdulKvJC/,DdMtdulKvJC,setorialhumanidadesfloripa,2026-09-12T19:26:19.000Z,"Extra! Extra! 

Estão abertas as inscrições para lançamento no 1° FLIPA - Festival Literário de Floripa. 

Mas é só até segunda, 14/09/2026!
Espalhe a notícia e faça sua inscrição.
(Link na Bio!)

Vamos fazer um lindo Festival ❤️🧡🤎",Image,"[""https://scontent-ams2-1.cdninstagram.com/v/t51.82787-15/808192294_18103122734620922_6956852689869804096_n.jpg?stp=dst-jpg_e35_tt6&_nc_cat=102&ig_cache_key=Mzk4NDc1OTcyNTI4OTU2Njc4Ng%3D%3D.3-ccb7-5&ccb=7-5&_nc_sid=58cdad&efg=eyJ2ZW5jb2RlX3RhZyI6IkZFRUQueHBpZHMuMTM1MC5zZHIucmVndWxhcl9waG90by5DMyJ9&_nc_ohc=qGQPpVePlQ0Q7kNvwHB5JBw&_nc_oc=AdoNfbJra3HEUF2nRNJUiLmrlCJWGi4ATZu5xHR4In26EmhkjESYsfwYholmEYiuFOw&_nc_ad=z-m&_nc_cid=0&_nc_zt=23&_nc_ht=scontent-ams2-1.cdninstagram.com&_nc_gid=relNu8NRt_kk2hMwlV7muQ&_nc_ss=7a22e&oh=00_AQIam7aGv3EEtzby0Q46hs26RJ7WhlfALL6w5LA-xLuqjQ&oe=6AACEB68""]"
686507b3c824def2d1038b571d2e8b80839f3155f7e1655e837bd5610fc3120c,,,,,https://www.instagram.com/p/DdMj7uAkQFX/,DdMj7uAkQFX,setorialhumanidadesfloripa,2026-09-12T17:50:00.000Z,"Estamos em pleno Fórum do Plano Municipal de Cultura 2026-2036.

O Plano Municipal de Cultura é uma construção coletiva, instituída por Lei, que serve de base para todas as políticas públicas do setor por 10 anos. 

Estamos no processo de atualização do nosso Plano que venceu em julho 2025 (sim, estamos atrasados) e temos trabalhado sobre essa atualização desde maio de 2026. 

Ainda temos alguns encontros para fechar a proposta do Plano antes de enviá-lo para a Câmara de Vereador de Florianópolis. Se você tem interesse nestes assuntos, venha somar! Participe da Setorial de Humanidades, Leitura e Literatura de Florianópolis.

Construção do documento da Setorial de Humanidades, Leitura e Literatura: @andre.soltau , @cleoschmitt2026 , @cristinasantos.escritora , @gikavoigt , @juksben , @marlenedefaveri , @martha_de_lima21 , @petuladrodrigues_ 

Apresentação dos apontamentos: @gikavoigt 

Fotos de @elisahtonon",Sidecar,"[""https://scontent-cdg4-2.cdninstagram.com/v/t51.82787-15/793902356_18103113101620922_6635615926362002055_n.jpg?stp=dst-jpg_e35_tt6&_nc_cat=109&ig_cache_key=Mzk4NDcwOTczMzY1ODg1NDQ2NQ%3D%3D.3-ccb7-5&ccb=7-5&_nc_sid=58cdad&efg=eyJ2ZW5jb2RlX3RhZyI6IkNBUk9VU0VMX0lURU0ueHBpZHMuMTYwMC5zZHIucmVndWxhcl9waG90by5DMyJ9&_nc_ohc=LwZuW4BiX6AQ7kNvwEN-9K0&_nc_oc=AdoGd6KBwBr8NRD-2GJcGGIuZWuH2DCA4qZI1p27Pcb1mVC9OSIt7cXl4h_TUz3gYnE&_nc_ad=z-m&_nc_cid=0&_nc_zt=23&_nc_ht=scontent-cdg4-2.cdninstagram.com&_nc_gid=Y35Mfw3eq0VYKVwu9pdMRQ&_nc_ss=7a22e&oh=00_AQKvuu7jcwIlDSoCiAZKoTkmnKBrYsb4bmL7-vL7G1ARbA&oe=6AACDF83"", ""https://scontent-cdg4-3.cdninstagram.com/v/t51.82787-15/791118014_18103113086620922_1469477563157875918_n.jpg?stp=dst-jpg_e35_tt6&_nc_cat=110&ig_cache_key=Mzk4NDcwOTcxNzgwNDMyNjkxMg%3D%3D.3-ccb7-5&ccb=7-5&_nc_sid=58cdad&efg=eyJ2ZW5jb2RlX3RhZyI6IkNBUk9VU0VMX0lURU0ueHBpZHMuODY2LnNkci5yZWd1bGFyX3Bob3RvLkMzIn0%3D&_nc_ohc=9J2cl-48mm4Q7kNvwFvbjwE&_nc_oc=Ado4O2GBqSZ7FsEUwDouXjNn--OxbAL8U915qbdghQXu1jdOzyrPfoGm-aS2BRJLxik&_nc_ad=z-m&_nc_cid=0&_nc_zt=23&_nc_ht=scontent-cdg4-3.cdninstagram.com&_nc_gid=Y35Mfw3eq0VYKVwu9pdMRQ&_nc_ss=7a22e&oh=00_AQL3To9KHpJ-pvVTi1Ll8Ga4tw6IJiY3TqVEUii3AwiO4w&oe=6AAD09ED"", ""https://www.instagram.com/p/DdMiGQPxwRB/"", ""https://www.instagram.com/p/DdMiGBexiAA/""]"
0a85f95fc1d74cc13dbb5c78ec2af36d979223023e5353e11ece6a8663e61bb9,,,,,https://www.instagram.com/p/DdMdXJHDsOu/,DdMdXJHDsOu,mulheresnarodadesambafloripa,2026-09-12T16:52:35.000Z,"Mais três mulheres cantoras que estarão abrilhantando nosso Encontro ❤️‍🔥

Carol Tancredo é jornalista, escritora, autora do livro infantil DiferenteMenteMaria, inspirado em sua filha, Maria, que é autista. Canta desde os dois anos e cresceu em família de músicos: pai baterista, avô maestro, tio saxofonista, madrinha cantora. Amante do samba e seus subgêneros, é no carnaval que está sua verdadeira paixão. Ao lado do pai, cantava bailinhos de Carnaval com 7 anos de idade. Atualmente é “cantante” no Espaço Cultural Wagner Segura. É cantora do Bandão do Segurança de Carnaval e faz parte de coletivos de mulheres no samba: Brasilidades, Ginga Mulher e Elas que sambam. @carolinatancredo 

Julia Rolim é cantora de samba e forró. Fez participação como convidada em rodas de samba como Samba da Antonieta em Floripa, e em rodas de samba em BH, com Pablo Dias e Marina Gomes. Participou do audiovisual “Coração de MInas” com Grupo Valentinas, Tambor Mineiro; e do mini documentário com Maurício Tizumba - essas vivências foram possibilitadas pelo edital de cultura Aldir Blanc. Participou da gravação do grupo de Maracatu Arrasta Ilha, disponível no Spotify. @juliaraujorolim 

Jejê tem 36 anos e é natural de Porto Alegre. Cresceu em família de músicos: a mãe, Carmem Lúcia, é cantora, o pai, Edmilson de Campos, é violonista, as irmãs também são envolvidas com música. Desenvolveu-se na percussão e no canto. Na adolescência, fundou o grupo de mulheres Tok Feminino. Atualmente faz parte dos grupos Sorriso Negro, Donas da Roda e do projeto Samba Nosso. @eujejevoz 

9º Encontro Nacional e Internacional de Mulheres na roda de samba - Florianópolis
📅26 de setembro de 2026
⏰15h às 23h30
📍Bugio Trindade.
Evento gratuito e colaborativo. 
Produção: @sambayalode 
Apoio: @bugiotrindade",Sidecar,"[""https://scontent-ams2-1.cdninstagram.com/v/t51.82787-15/805833705_17902241193579813_6328492597128564353_n.jpg?stp=dst-jpg_e35_tt6&_nc_cat=110&ig_cache_key=Mzk4NDY4Mjg5OTA3MTM4NDAwOQ%3D%3D.3-ccb7-5&ccb=7-5&_nc_sid=58cdad&efg=eyJ2ZW5jb2RlX3RhZyI6IkNBUk9VU0VMX0lURU0ueHBpZHMuMTA4MC5zZHIucmVndWxhcl9waG90by5DMyJ9&_nc_ohc=ek5Z9zpGMfgQ7kNvwG249Tp&_nc_oc=AdrYLXIGUkXk5zOetqFUosBEv2pj0MR1a4Rds4VWxMJz0FO_GasHxEEq8wHkh-Ozp-c&_nc_ad=z-m&_nc_cid=0&_nc_zt=23&_nc_ht=scontent-ams2-1.cdninstagram.com&_nc_gid=4TyB6IjnPEPywV7OD4Sguw&_nc_ss=7a22e&oh=00_AQJCICLUxVwXaFtmTvsQD0PdsSjocq_HctOycyAR0Bf_JA&oe=6AAD02E0"", ""https://scontent-ams2-1.cdninstagram.com/v/t51.82787-15/806299536_17902241214579813_7731694685516423547_n.jpg?stp=dst-jpg_e35_tt6&_nc_cat=101&ig_cache_key=Mzk4NDY4MjkwMDU4MTQwNTUzOA%3D%3D.3-ccb7-5&ccb=7-5&_nc_sid=58cdad&efg=eyJ2ZW5jb2RlX3RhZyI6IkNBUk9VU0VMX0lURU0ueHBpZHMuMTA4MC5zZHIucmVndWxhcl9waG90by5DMyJ9&_nc_ohc=09XrG53YG5YQ7kNvwES8lcs&_nc_oc=Adpgx-4JaFlptTPq7GPCG7jHwDni6USNFnx1kKJex3tktnAHMLjQpt2FvPHYVya3EP8&_nc_ad=z-m&_nc_cid=0&_nc_zt=23&_nc_ht=scontent-ams2-1.cdninstagram.com&_nc_gid=4TyB6IjnPEPywV7OD4Sguw&_nc_ss=7a22e&oh=00_AQIVFoxwtwE--szLNzREKeyBV7YQJsrfDhuWtUY_4-xC7g&oe=6AAD0ED0"", ""https://scontent-ams2-1.cdninstagram.com/v/t51.82787-15/806299651_17902241226579813_9148379463589054381_n.jpg?stp=dst-jpg_e35_tt6&_nc_cat=100&ig_cache_key=Mzk4NDY4MjkwMTc2NDE3NTUzMA%3D%3D.3-ccb7-5&ccb=7-5&_nc_sid=58cdad&efg=eyJ2ZW5jb2RlX3RhZyI6IkNBUk9VU0VMX0lURU0ueHBpZHMuMTA4MC5zZHIucmVndWxhcl9waG90by5DMyJ9&_nc_ohc=jcAX9iHGQA4Q7kNvwHzbTeQ&_nc_oc=AdrivPPGxdkRjWh4KGoVV2rfD7ZgBWzdItTCulesWTrU4i6TreQJdB9N7TnLrLWXJI8&_nc_ad=z-m&_nc_cid=0&_nc_zt=23&_nc_ht=scontent-ams2-1.cdninstagram.com&_nc_gid=4TyB6IjnPEPywV7OD4Sguw&_nc_ss=7a22e&oh=00_AQKolKI2-qmwN4yWb6ED05FIET6e2r5R6R0eX3wLlcI-pQ&oe=6AACE5FE"", ""https://scontent-ams2-1.cdninstagram.com/v/t51.82787-15/806299623_17902241217579813_7185927716639578976_n.jpg?stp=dst-jpg_e35_tt6&_nc_cat=103&ig_cache_key=Mzk4NDY4MjkwMTk3Mzg0MjI3Mw%3D%3D.3-ccb7-5&ccb=7-5&_nc_sid=58cdad&efg=eyJ2ZW5jb2RlX3RhZyI6IkNBUk9VU0VMX0lURU0ueHBpZHMuMTA4MC5zZHIucmVndWxhcl9waG90by5DMyJ9&_nc_ohc=f1ZBGZ-ZG34Q7kNvwHHWP0H&_nc_oc=AdoyZNuYBCswTokjsf2bWuTsd6fCL0G4N9qB4_afkGoBYt1tYXQvUsui8sJy4iePhtM&_nc_ad=z-m&_nc_cid=0&_nc_zt=23&_nc_ht=scontent-ams2-1.cdninstagram.com&_nc_gid=4TyB6IjnPEPywV7OD4Sguw&_nc_ss=7a22e&oh=00_AQIaHhcZSFOOxp1Dz8xGdCgRhDjFzTfQBOHoD2Vh9eJ1Ug&oe=6AACF35C"", ""https://www.instagram.com/p/DdMb_wluTnJ/"", ""https://www.instagram.com/p/DdMb_x_ulNi/"", ""https://www.instagram.com/p/DdMb_zGOfaq/"", ""https://www.instagram.com/p/DdMb_zSuTlh/""]"
051733b1900e0e0c60d23a9b6d96c3393d974c650af6fda9fc5caf67e2916196,,,,,https://www.instagram.com/p/DdL9Xxks2Gq/,DdL9Xxks2Gq,bugiotrindade,2026-09-12T12:13:43.000Z,"✨É NESSE CLIMINHA GOSTOSO E DE LUZES BAIXAS QUE NESTE SÁBADO TEM FORRÓ DA NATI + CHOPE EM DOBRO!

Forró de sábado é aqui! E bora falar da diva que vai fazer acontecer nesse sábado?

Nati é multi artista: cantora, compositora, violinista, atriz, professora de música e amante da dança. O Forró da Nati iniciou em 2022 reunindo músicos da ilha numa formação diversificada a cada show.

No repertório aquela mistura boa dos clássicos do xote ao baião, além de suas canções autorais. Neste evento o quarteto contará com: Gabi Mafra, Lagartixa e Catalina! 

BORA MEU POVO!

Sábado | 12 de setembro
Bar abre às 18h | Forró as 20h30
Contribuição sugerida: R$ 20

Informações de acessibilidade e ambiente:
Espaço acessível para pessoas cadeirantes
Cardápio acessível com vídeo em LIBRAS

EVENTO COLABORATIVO! APOIAR A CENA DO FORRÓ? GOSTOSO DEMAIS!",Video,"[""https://scontent-bcn1-1.cdninstagram.com/v/t51.82787-15/806491473_18019088333923638_2372785123610067930_n.jpg?stp=dst-jpg_e15_tt6&_nc_cat=105&ig_cache_key=Mzk4NDU0ODIwOTk1MzU2MzA1MDE4MDE5MDg4MzMwOTIzNjM4.3-ccb7-5&ccb=7-5&_nc_sid=58cdad&efg=eyJ2ZW5jb2RlX3RhZyI6IkNMSVBTLnhwaWRzLjEyODQuc2RyLnZpZGVvX2RlZmF1bHRfY292ZXJfZnJhbWUuQzMifQ%3D%3D&_nc_ohc=CpqZbXfo90MQ7kNvwFaI1D6&_nc_oc=AdqdNK2i-cjRiNE1e10tuiMg8yatgoEwdX73RrWNs6FvjZ_gdv46NHvtOOsf3EQ9jqw&_nc_ad=z-m&_nc_cid=0&_nc_zt=23&_nc_ht=scontent-bcn1-1.cdninstagram.com&_nc_gid=KhNmRrXDlj6gXfz0p6bWew&_nc_ss=7a22e&oh=00_AQKUEXKr-vydULaLLOFq-w7OjRtBZgArFjkF237tW5lNiA&oe=6AACEA89""]"
688f0f7dc046e903e76ae10eca8d62a6cac956c5a6150cb476222a458119581b,,,,,https://www.instagram.com/p/DdL75Z_lWOU/,DdL75Z_lWOU,bugiocentro,2026-09-12T12:00:09.000Z,"SÁBADO POR AQUI SENDO O QUE VOCÊ PRECISAVA PRA HOJE (E TALVEZ NÃO SABIA, mas fazemos questão de lembrar) 😮‍💨👉👈❤️

11H30 | ABERTURA DO BAR
Com a melhor Feijoada do Centro Leste, garantimos o seu almoço de Sábado até ás 17h!

14H | TRIO SAMBA CHORO🔸
A nossa roda de todo sábado está se preparando para o 3º Festival do Choro Mulheril, e quem assume o almoço no Largo da Antonieta é Lelê do Bandolim, Gustavo Lopes e Neno Moura com o Trio Samba Choro! 

17H30 | SAMBA DA ANTONIETA CONVIDA JÚ QUEIRÓZ E DU KADÊNCIA🔸
A roda de samba mais clássica de Floripa nunca falha e todo sábado chega com muita brasilidade na Victor Meirelles!

23H | OS GÊMEOS DO BAILE - ESPECIAL MICHAEL JACKSON
Uma noite em homenagem ao rei do pop com Os Gêmeos mais queridos da cidade no coração do Centro Leste! | Antecipados no link da bio!

🔸= Eventos Colaborativos! Valorize os artistas!

🌧 A programação, principalmente a externa, pode ser alterada em caso de tempo ruim.
 
🛠️ Nossa cozinha estará em reforma entre domingo e quarta! :/",Sidecar,"[""https://scontent-yyz1-1.cdninstagram.com/v/t51.82787-15/806176946_18474817402115878_1066020849190318838_n.jpg?stp=dst-jpg_e35_tt6&_nc_cat=104&ig_cache_key=Mzk4NDU0MTU2NjgzMTgwNDM2MA%3D%3D.3-ccb7-5&ccb=7-5&_nc_sid=58cdad&efg=eyJ2ZW5jb2RlX3RhZyI6IkNBUk9VU0VMX0lURU0ueHBpZHMuMTI4NC5zZHIucmVndWxhcl9waG90by5DMyJ9&_nc_ohc=S68e7H2lDX8Q7kNvwFZDK0F&_nc_oc=AdqU0ng7qd95uhfIoW6o-F1qqQ0PV7Q-WrzMJQzVOfQfZTJ-Ylx6NJrfwgbZiRLY1No&_nc_ad=z-m&_nc_cid=0&_nc_zt=23&_nc_ht=scontent-yyz1-1.cdninstagram.com&_nc_gid=LyCoCO88lHYwl2-mwXB-ow&_nc_ss=7a22e&oh=00_AQIlcoyFlpFH7GTxN7hJRXzTpLsIzMWDpHo0vBOxbdNi8A&oe=6AACF9AC"", ""https://scontent-yyz1-1.cdninstagram.com/v/t51.82787-15/806453040_18474817423115878_5524352644904985859_n.jpg?stp=dst-jpg_e35_tt6&_nc_cat=108&ig_cache_key=Mzk4NDU0MTU2ODI4Mjc0MTc5OA%3D%3D.3-ccb7-5&ccb=7-5&_nc_sid=58cdad&efg=eyJ2ZW5jb2RlX3RhZyI6IkNBUk9VU0VMX0lURU0ueHBpZHMuMTI4NC5zZHIucmVndWxhcl9waG90by5DMyJ9&_nc_ohc=3nKbOothN08Q7kNvwFwIFT2&_nc_oc=Adq2W01g_rWO3G2PMrhvylDO8eG2uYU5QNeAord5c6kyAg3c0PuvYcP_tkyGG8h8DV8&_nc_ad=z-m&_nc_cid=0&_nc_zt=23&_nc_ht=scontent-yyz1-1.cdninstagram.com&_nc_gid=LyCoCO88lHYwl2-mwXB-ow&_nc_ss=7a22e&oh=00_AQLDrp-zWGLBuiCpQ4i8qP1Ed_rG3GaLEncU1TxqbRkinQ&oe=6AACED9C"", ""https://scontent-yyz1-1.cdninstagram.com/v/t51.82787-15/806299227_18474817453115878_5425954098582328827_n.jpg?stp=dst-jpg_e35_tt6&_nc_cat=108&ig_cache_key=Mzk4NDU0MTU2ODgwMjM3Nzk5NA%3D%3D.3-ccb7-5&ccb=7-5&_nc_sid=58cdad&efg=eyJ2ZW5jb2RlX3RhZyI6IkNBUk9VU0VMX0lURU0ueHBpZHMuMTA4MC5zZHIucmVndWxhcl9waG90by5DMyJ9&_nc_ohc=U7mG4UjhM3UQ7kNvwFZcI68&_nc_oc=AdrnVd0NDlO5rPzAIEm-qUgNzB03cjB3N6JuJSa4mkJxTx8xSK13UrM-DIJ_oYUqieU&_nc_ad=z-m&_nc_cid=0&_nc_zt=23&_nc_ht=scontent-yyz1-1.cdninstagram.com&_nc_gid=LyCoCO88lHYwl2-mwXB-ow&_nc_ss=7a22e&oh=00_AQIEMtFJEH-riI-gYvhozEtn3tEcgt9tisUjuPh11E7vvA&oe=6AACE4CD"", ""https://scontent-yyz1-1.cdninstagram.com/v/t51.82787-15/806151378_18474817435115878_4211418143230776896_n.jpg?stp=dst-jpg_e35_tt6&_nc_cat=107&ig_cache_key=Mzk4NDU0MTU3MjQwOTE0MDMxMA%3D%3D.3-ccb7-5&ccb=7-5&_nc_sid=58cdad&efg=eyJ2ZW5jb2RlX3RhZyI6IkNBUk9VU0VMX0lURU0ueHBpZHMuMTAxMi5zZHIucmVndWxhcl9waG90by5DMyJ9&_nc_ohc=TxAKkJehyVoQ7kNvwEdbjm7&_nc_oc=AdrejeibnhKNnLEyLOQ-naBUst6GQEoHSdVHzlbAS3S2qpFWrzFngeZd3e26ceC5j6M&_nc_ad=z-m&_nc_cid=0&_nc_zt=23&_nc_ht=scontent-yyz1-1.cdninstagram.com&_nc_gid=LyCoCO88lHYwl2-mwXB-ow&_nc_ss=7a22e&oh=00_AQIqwmWlhOZdeuTn2g7dN1GirzOA51nij_Vo31-bqXsrvw&oe=6AAD03DB"", ""https://scontent-yyz1-1.cdninstagram.com/v/t51.82787-15/790226195_18474817390115878_192982014708251293_n.jpg?stp=dst-jpg_e35_tt6&_nc_cat=106&ig_cache_key=Mzk4NDU0MTU3MDE3Nzg4OTkyOQ%3D%3D.3-ccb7-5&ccb=7-5&_nc_sid=58cdad&efg=eyJ2ZW5jb2RlX3RhZyI6IkNBUk9VU0VMX0lURU0ueHBpZHMuMTA4MC5zZHIucmVndWxhcl9waG90by5DMyJ9&_nc_ohc=CmeJR2hiKvsQ7kNvwEzxWNF&_nc_oc=Adocu-WEGXdDU6uABircDO_ddUyfrE40LGJkVjwQIo3TpY9kPqiNH0jhYNfbEUaqOig&_nc_ad=z-m&_nc_cid=0&_nc_zt=23&_nc_ht=scontent-yyz1-1.cdninstagram.com&_nc_gid=LyCoCO88lHYwl2-mwXB-ow&_nc_ss=7a22e&oh=00_AQIs9fNcK0dkWEhb-WRPJkAtN9ecqQaSs1O_Go8BF3zgNQ&oe=6AACE1EE"", ""https://scontent-yyz1-1.cdninstagram.com/v/t51.82787-15/806336348_18474817411115878_3658998590046731149_n.jpg?stp=dst-jpg_e35_tt6&_nc_cat=102&ig_cache_key=Mzk4NDU0MTU3MTMxODM4NTExMw%3D%3D.3-ccb7-5&ccb=7-5&_nc_sid=58cdad&efg=eyJ2ZW5jb2RlX3RhZyI6IkNBUk9VU0VMX0lURU0ueHBpZHMuODk2LnNkci5yZWd1bGFyX3Bob3RvLkMzIn0%3D&_nc_ohc=h-RqWNKfpboQ7kNvwEKuTxp&_nc_oc=AdoS8v0yZJuTY7Fsiuc0R7sHAAccZUOreUWObwAMr7gb69YCWOleFPXD3kAVMeFEctc&_nc_ad=z-m&_nc_cid=0&_nc_zt=23&_nc_ht=scontent-yyz1-1.cdninstagram.com&_nc_gid=LyCoCO88lHYwl2-mwXB-ow&_nc_ss=7a22e&oh=00_AQKoB-l9me5VjVtLPrSR7iVXSy7imyPlPOCKEKwAhrfuJg&oe=6AAD0328"", ""https://scontent-yyz1-1.cdninstagram.com/v/t51.82787-15/805696755_18474817477115878_5555569153541744541_n.jpg?stp=dst-jpg_e35_tt6&_nc_cat=107&ig_cache_key=Mzk4NDU0MTU3MjU2MTIwMjA5MA%3D%3D.3-ccb7-5&ccb=7-5&_nc_sid=58cdad&efg=eyJ2ZW5jb2RlX3RhZyI6IkNBUk9VU0VMX0lURU0ueHBpZHMuMTA4MC5zZHIucmVndWxhcl9waG90by5DMyJ9&_nc_ohc=owowCLfMStgQ7kNvwFalx0z&_nc_oc=AdpJBZHAygSmuBwokXe5_UjPBZjX_1YAgVNdcayYnrztlAA0zyQDYwNgrknf0YMKC7I&_nc_ad=z-m&_nc_cid=0&_nc_zt=23&_nc_ht=scontent-yyz1-1.cdninstagram.com&_nc_gid=LyCoCO88lHYwl2-mwXB-ow&_nc_ss=7a22e&oh=00_AQIwrCfDGMOMvS7UACX5GM3mM0HEWYV-6KfEzujZ9fMNJw&oe=6AACFA7D"", ""https://www.instagram.com/p/DdL73Gryb_I/"", ""https://www.instagram.com/p/DdL73ICRUwm/"", ""https://www.instagram.com/p/DdL73IhPlEK/"", ""https://www.instagram.com/p/DdL73L4OSRW/"", ""https://www.instagram.com/p/DdL73JzOvaJ/"", ""https://www.instagram.com/p/DdL73K3NYnZ/"", ""https://www.instagram.com/p/DdL73MBSWuq/""]"
745ce5aab291d620de9fb244c47ba3565cd55ab4bbed0b536e52439a12964c69,,,,,https://www.instagram.com/p/DdKdnjwn7vd/,DdKdnjwn7vd,setorialhumanidadesfloripa,2026-09-11T22:16:20.000Z,"Nosso 2° turno deu FLIPA!! 

Aproveitamos e fizemos também uma alteração no horário de programação. Vamos começar um pouquinho mais tarde, 14h, e seguir em festa até às 22h. 

Local: Associação Cultural Baiacu de Alguém 
Rua Padre Lourenço Rodrigues de Andrade, 650 - Santo Antônio de Lisboa - Floripa/SC

Então, põe na agenda e te prepara que muita coisa legal vai rolar! Nesse fim de semana lançaremos a programação. 

O 1º Festival Literário de Florianópolis é uma realização de:

* Setorial de Humanidades, Leitura e Literatura @setorialhumanidadesfloripa 
* Feira de Publicações Coletivo Elza @armazemcoletivoelza 
* Livraria Latinas @livrarialatinas 
* Pipa Festival @pipa_festival 
* Leia Mulheres Floripa @leiamulheresfloripa 
* Sarau Quinta Maldita @quintamaldita 
* Poesia em Círculo
* Deck da Esquina

Apoio: 
* Baiacu de Alguém @baiacudealguem 
* Feira de Literatura Indígena
* LEICA - Levante de Editoras Independentes CAtarinenses",Sidecar,"[""https://scontent-dus1-1.cdninstagram.com/v/t51.82787-15/806093247_18102994937620922_265530640879859862_n.jpg?stp=dst-jpg_e35_tt6&_nc_cat=111&ig_cache_key=Mzk4NDEyMDkxNTU4NTM1MTk1Nw%3D%3D.3-ccb7-5&ccb=7-5&_nc_sid=58cdad&efg=eyJ2ZW5jb2RlX3RhZyI6IkNBUk9VU0VMX0lURU0ueHBpZHMuMTA4MC5zZHIucmVndWxhcl9waG90by5DMyJ9&_nc_ohc=eJZHZSIdiRMQ7kNvwFNxQQB&_nc_oc=AdqJb93ngH3xv3seeeA0s-sydnjwKFDJH2XY5x0kysNuT6msuge8w51H126eUQ900yDFc8hAXrHU7z7bQzXgRAVR&_nc_ad=z-m&_nc_cid=0&_nc_zt=23&_nc_ht=scontent-dus1-1.cdninstagram.com&_nc_gid=BKE5L2dYGXKwdZ4KsFjd_Q&_nc_ss=7a22e&oh=00_AQL35Ldvq5LZTuXRG1Li7-cq9_v_qCx7wwBY5FRLLrd5ZQ&oe=6AAD0293"", ""https://scontent-dus1-1.cdninstagram.com/v/t51.82787-15/805812898_18102994949620922_1892915365899002754_n.jpg?stp=dst-jpg_e35_tt6&_nc_cat=106&ig_cache_key=Mzk4NDEyMDkxNTQ0MjcwMTg0NA%3D%3D.3-ccb7-5&ccb=7-5&_nc_sid=58cdad&efg=eyJ2ZW5jb2RlX3RhZyI6IkNBUk9VU0VMX0lURU0ueHBpZHMuMTA4MC5zZHIucmVndWxhcl9waG90by5DMyJ9&_nc_ohc=kaS_3mOizLAQ7kNvwHEjy9n&_nc_oc=AdoBh5AlSeTECNnfSZTA5f-i9LJyvAacyALS-9G8CG9c0_ipmF5llgdLLPKZR0SCG4O9uemPzfqZNeSppgXc2_3N&_nc_ad=z-m&_nc_cid=0&_nc_zt=23&_nc_ht=scontent-dus1-1.cdninstagram.com&_nc_gid=BKE5L2dYGXKwdZ4KsFjd_Q&_nc_ss=7a22e&oh=00_AQKuRowWkAHsI7vWKvTQLZwktnIxgwJ8bo271KHmOdjevw&oe=6AACF0D3"", ""https://www.instagram.com/p/DdKcN0rq0EV/"", ""https://www.instagram.com/p/DdKcN0jKpYU/""]"
84c4a0ee5e731ceb160be9af7c97184f6c9ffa5878377ff4fa13e1ce83254c09,,,,,https://www.instagram.com/p/DdKZURLFKdC/,DdKZURLFKdC,oaracabotequim,2026-09-11T21:38:45.000Z,"AGENDA DA SEMANA 🪑💟 O ARAÇÁ BOTEQUIM

📆 SEXTA | 11.09
🎶 Julia Kluber & Pedro Bienemann

📆 SÁBADO | 12.09

🕚 Feijoada do Araçá + Roda de Choro

🌙 À noite – Deo Martins convida Ettore Bacci & Gregor Nite

📆 DOMINGO | 13.09
🥁 Samba do Araçá convida Diz o Tom Calixto!",Sidecar,"[""https://scontent-ssn1-1.cdninstagram.com/v/t51.82787-15/804647439_18280965682290806_7996666812588991539_n.jpg?stp=dst-jpg_e35_tt6&_nc_cat=106&ig_cache_key=Mzk4NDEwODA5NDM3NTYzOTkxOQ%3D%3D.3-ccb7-5&ccb=7-5&_nc_sid=58cdad&efg=eyJ2ZW5jb2RlX3RhZyI6IkNBUk9VU0VMX0lURU0ueHBpZHMuMTA4MC5zZHIucmVndWxhcl9waG90by5DMyJ9&_nc_ohc=NBXJlUopg6kQ7kNvwGmLuaa&_nc_oc=Adr0kugK8znF37hed-c3Mgye7kK1cUdt1ZsvUG6rsuAZ5CYDeTHd2I4h5nrU-Da3RwrPU5FDjRl_T4Wl5J3Zk8bu&_nc_ad=z-m&_nc_cid=0&_nc_zt=23&_nc_ht=scontent-ssn1-1.cdninstagram.com&_nc_gid=kA6cbzOBC8X8xMT22NsNwQ&_nc_ss=7a22e&oh=00_AQJ8-MFEXdAlun6SRGrIS2T3qGVLi4L4L7ZN26lC0N6k7A&oe=6AACF513"", ""https://scontent-ssn1-1.cdninstagram.com/v/t51.82787-15/806428847_18280965721290806_1654482187460572596_n.jpg?stp=dst-jpg_e35_tt6&_nc_cat=106&ig_cache_key=Mzk4NDEwODA5NTY0NTg0NDkyMg%3D%3D.3-ccb7-5&ccb=7-5&_nc_sid=58cdad&efg=eyJ2ZW5jb2RlX3RhZyI6IkNBUk9VU0VMX0lURU0ueHBpZHMuMTA4MC5zZHIucmVndWxhcl9waG90by5DMyJ9&_nc_ohc=0mbqrEBm_MAQ7kNvwEBW9wG&_nc_oc=AdoL2Df9MQ7Izv9QRtwWnyT0L2jHPRA-jziJbjlCtuPiBoZ614RWpS0TWzEuf5MQB1b1-5db8e5WiGc4aR-DMa2y&_nc_ad=z-m&_nc_cid=0&_nc_zt=23&_nc_ht=scontent-ssn1-1.cdninstagram.com&_nc_gid=kA6cbzOBC8X8xMT22NsNwQ&_nc_ss=7a22e&oh=00_AQJ4hrY6vb_OVjCDteka3egMIliMIwOcB8qVpWVOQ15bXw&oe=6AACE326"", ""https://scontent-ssn1-1.cdninstagram.com/v/t51.82787-15/806223236_18280965685290806_4876722428944875339_n.jpg?stp=dst-jpg_e35_tt6&_nc_cat=109&ig_cache_key=Mzk4NDEwODA5OTcyMjI1MTUwNA%3D%3D.3-ccb7-5&ccb=7-5&_nc_sid=58cdad&efg=eyJ2ZW5jb2RlX3RhZyI6IkNBUk9VU0VMX0lURU0ueHBpZHMuMTA4MC5zZHIucmVndWxhcl9waG90by5DMyJ9&_nc_ohc=dRK4hg7k9-oQ7kNvwFhY78o&_nc_oc=AdroZ4LbvmSN-pjDRpuH3DtgTo6mJesTdhT6ATa7Y0i7EAtbWgZoBexm-HNmONoT3Uz5PxSGiLmXuA-AcNtyvxfI&_nc_ad=z-m&_nc_cid=0&_nc_zt=23&_nc_ht=scontent-ssn1-1.cdninstagram.com&_nc_gid=kA6cbzOBC8X8xMT22NsNwQ&_nc_ss=7a22e&oh=00_AQInksZxS7m2MTkhEiQJa6TurDVn0w-HPiOcLrGOKu2uvw&oe=6AACE22A"", ""https://scontent-ssn1-1.cdninstagram.com/v/t51.82787-15/805729440_18280965709290806_6036130479513097979_n.jpg?stp=dst-jpg_e35_tt6&_nc_cat=101&ig_cache_key=Mzk4NDEwODEwNjc4NTY2ODAwMA%3D%3D.3-ccb7-5&ccb=7-5&_nc_sid=58cdad&efg=eyJ2ZW5jb2RlX3RhZyI6IkNBUk9VU0VMX0lURU0ueHBpZHMuMTA4MC5zZHIucmVndWxhcl9waG90by5DMyJ9&_nc_ohc=iYePbD8xiiEQ7kNvwFzh1cU&_nc_oc=AdpzlGKWhXALt_6aSK2ID-BsHdNUPRsCCA-9M1XghySzg9wMglxHhG63Hl79kPrcDRLS0KzORL74wd1NEc3ecxVx&_nc_ad=z-m&_nc_cid=0&_nc_zt=23&_nc_ht=scontent-ssn1-1.cdninstagram.com&_nc_gid=kA6cbzOBC8X8xMT22NsNwQ&_nc_ss=7a22e&oh=00_AQKBryLcOPoK8acnnGu5UvlxgznI2oMidY_sk9CkAyaHzA&oe=6AACF780"", ""https://scontent-ssn1-1.cdninstagram.com/v/t51.82787-15/805314059_18280965733290806_3592988514280373681_n.jpg?stp=dst-jpg_e35_tt6&_nc_cat=103&ig_cache_key=Mzk4NDEwODExNTkxMjMxODY4OA%3D%3D.3-ccb7-5&ccb=7-5&_nc_sid=58cdad&efg=eyJ2ZW5jb2RlX3RhZyI6IkNBUk9VU0VMX0lURU0ueHBpZHMuMTA4MC5zZHIucmVndWxhcl9waG90by5DMyJ9&_nc_ohc=P5rdr_W8ZRYQ7kNvwG84INl&_nc_oc=AdqjwZr_OcOGNekMz05krRIR1a692oELumHs6LzzgsotMey3Mguwx_OteL6a-Us1eu240h9FrAbFF_WlAAHdvWW5&_nc_ad=z-m&_nc_cid=0&_nc_zt=23&_nc_ht=scontent-ssn1-1.cdninstagram.com&_nc_gid=kA6cbzOBC8X8xMT22NsNwQ&_nc_ss=7a22e&oh=00_AQKo1Im0vZDon0B-D8Cxq_FccWqPCEkD02n9NFhtNZ7H9g&oe=6AAD0E73"", ""https://www.instagram.com/p/DdKZTQABLtv/"", ""https://www.instagram.com/p/DdKZTRLuoW6/"", ""https://www.instagram.com/p/DdKZTU-s4zw/"", ""https://www.instagram.com/p/DdKZTbjtrug/"", ""https://www.instagram.com/p/DdKZTkDtF7g/""]"
84395b23d2bfe8f04bda8664c882667be1a30097fad9a974513bed2e82bf065f,,,,,https://www.instagram.com/p/DdKANqAA8aC/,DdKANqAA8aC,fundacaoculturalbadesc,2026-09-11T21:00:06.000Z,"Ao completar 20 anos, a Fundação Cultural Badesc presta homenagem a uma das artistas que ajudou a construir a história da instituição. Conheça a artista visual Lena Peixer, que assina a exposição “Ressonâncias do Gesto” e passa a dar nome ao Espaço 3 da Fundação. 

Licenciada em Artes Plásticas pela Fundação Universidade Regional de Blumenau (FURB), Lena Peixer desenvolve trabalhos centrados no desenho e na gravura, investigando a linha, o gesto e a expressividade gráfica em diferentes suportes. Participou de exposições no Brasil e no exterior, realizou residência artística em Córdoba, na Argentina, integrou a 5ª Mostra do Desenho Brasileiro e a 14ª Bienal Internacional de Curitiba, além de possuir obras em importantes acervos públicos. Também atuou na implantação do setor educativo do Museu Victor Meirelles e foi diretora de Artes da Fundação Cultural Badesc entre 2006 e 2013. 

Com entrada gratuita, a mostra fica em cartaz até o dia 17 de setembro.

*Publicação com texto alternativo.

#FundaçãoCulturalBadesc #Florianópolis #ParaTodosVerem #ArtesVisuais #Cultura",Image,"[""https://instagram.fjdo1-2.fna.fbcdn.net/v/t51.82787-15/805783903_18328918468277782_237081791223379053_n.jpg?stp=dst-jpg_e35_tt6&_nc_cat=106&ig_cache_key=Mzk4Mzk5Nzc1ODgxMzIyNjYyNg%3D%3D.3-ccb7-5&ccb=7-5&_nc_sid=58cdad&efg=eyJ2ZW5jb2RlX3RhZyI6IkZFRUQueHBpZHMuMzA3Mi5zZHIucmVndWxhcl9waG90by5DMyJ9&_nc_ohc=pMiMt-RxpREQ7kNvwE4xHNw&_nc_oc=AdoMgUh9NhA0znHAOZHtNqpOHrgHe5h_XjQnY0NSt8DuwGMXy1GDLVCl3h6265qyX2A&_nc_ad=z-m&_nc_cid=0&_nc_zt=23&_nc_ht=instagram.fjdo1-2.fna&_nc_gid=4yIQD-Ta71Ns40rpxJLCPw&_nc_ss=7a22e&oh=00_AQKkMheoeUCVRDWsucpFpjWvk4DyoK0TwvfuZfwWzMzB-Q&oe=6AACE6D8""]"
f377ce144173cafcb24a5a34389ce8041c6439c524c6bb7f2519bd87217c711a,,,,,https://www.instagram.com/p/DdKN32FKR6G/,DdKN32FKR6G,baiacudealguem,2026-09-11T19:58:52.000Z,"ALÔ ALÔ, COMUNIDADE! 
Dia 19/9 teremos mais um Sábado Cultural do Baiacu. A programação conta com show musical, várias atrações, e também com Festival Literário. 
Se liga no que vai rolar:

Das 14h às 20h será realizado o 1º FESTIVAL LITERÁRIO DE FLORIANÓPOLIS. 

O FESTIVAL LITERÁRIO é um evento coletivo dos fazedores e fazedoras de literatura de Florianópolis/SC. Vai ter lançamento de livros, rodas de conversa, bingo literário e sarau poético. 

Venha prestigiar a literatura daqui! 

Realização: 
* Setorial de Humanidades, Leitura e Literatura  do Conselho Municipal de Cultura 
* Livraria Latinas
* Feira de Publicações Coletivo Elza
* Pipa Festival
* Leia Mulheres Floripa
* Sarau Quinta Maldita
* Poesia em Círculo
* Deck da Esquina
* Feira de Literatura Indígena
* LEICA - Levante de Editoras Independentes Catarinenses

20h - BRISAS DO SUL. 
No show Brisas do Sul, o público é convidado a percorrer a música do sul do Brasil. As canções apresentadas revelam as raízes culturais, as tradições, as preocupações sociais e as marcas identitárias dos habitantes da região sul do Brasil, tendo como espaço poético o pampa, as coxilhas, a serra e o mar. Este show reúne canções conhecidas, autorais e outras que se destacaram em festivais e marcaram gerações. IMPERDÍVEL!

[Entrada Gratuita]

➡️ Comes e bebes à venda no local.

Endereço: Rua Padre Lourenço Rodrigues de Andrade, 650 – Santo Antônio de Lisboa.

Realização:
Baiacu de Alguém.

Apoio:
Livraria Latinas
PMF - Secretaria de licitações, contratos e parcerias. 

#SabadoCultural #VemproBaiacu",Image,"[""https://scontent-mxp1-1.cdninstagram.com/v/t51.82787-15/806101214_18121555975909973_645963112674512149_n.webp?_nc_cat=108&ig_cache_key=Mzk4NDA1NzgzMjYwNzEyOTIyMg%3D%3D.3-ccb7-5&ccb=7-5&_nc_sid=58cdad&efg=eyJ2ZW5jb2RlX3RhZyI6IkZFRUQueHBpZHMuMTQ0MC5zZHIucmVndWxhcl9waG90by5DMyJ9&_nc_ohc=g84S-abKo0wQ7kNvwFcO1LN&_nc_oc=Adoz1GCZ7HspAJ5RbZQzD4A48Yq16yITug7Ir1GEyUm2svJYd-f_gJYJs-kQJuuXEZ4&_nc_ad=z-m&_nc_cid=0&_nc_zt=23&_nc_ht=scontent-mxp1-1.cdninstagram.com&_nc_gid=sSZaTVgBJnTsolvbvDCz0A&_nc_ss=7a22e&oh=00_AQLvEYWz4E9L7MDmgGroagvQD5Mq-gDj5KyYKBU8_9BDQQ&oe=6AACE2B8""]"
4464cd5f5cdaae8125bcaaa58ade832089a70b796b0db49314c2ff5b6c96cbc2,,,,,https://www.instagram.com/p/DdJ0fT7OJfP/,DdJ0fT7OJfP,fundacaoculturalbadesc,2026-09-11T16:21:20.000Z,"O amor como território de desejo, dúvida, fertilidade e abismo é o ponto de partida de “Escandalizar Desertos”, terceiro livro de poesia da escritora catarinense Andreia Dacoregio. Depois de ser apresentado em julho na Festa Literária Internacional de Paraty (Flip), um dos principais eventos literários do país, o livro será lançado na Fundação Cultural Badesc.

Com 88 páginas, o livro publicado pela Editora Mondru mergulha nas diferentes faces do amor. O próprio título nasce de uma imagem que atravessa a obra: “Amar escandaliza desertos com sua despudorada fertilidade”. Para Andreia, o amor aparece como uma força capaz de transformar paisagens internas, romper a aridez e produzir movimento.

O evento tem início a partir das 18h, da sexta-feira, dia 18 de setembro. A entrada é gratuita.

*Publicação com texto alternativo.

#FundaçãoCulturalBadesc #Florianópolis #ParaTodosVerem #Literatura #Cultura",Image,"[""https://scontent-ord5-2.cdninstagram.com/v/t51.82787-15/803067906_18328906204277782_8002973811608322765_n.jpg?stp=dst-jpg_e35_tt6&_nc_cat=103&ig_cache_key=Mzk4Mzk0NjE5NTUwMjkyOTg3MQ%3D%3D.3-ccb7-5&ccb=7-5&_nc_sid=58cdad&efg=eyJ2ZW5jb2RlX3RhZyI6IkZFRUQueHBpZHMuMTM1MC5zZHIucmVndWxhcl9waG90by5DMyJ9&_nc_ohc=m4VojJtg9skQ7kNvwHlMBDJ&_nc_oc=AdrXc8m7KEnz4ojLUi80CmCEYtOPV5YjfRPjZ67-kM5ib3GhqX_lhwrsOuNQafxhAIM9m4j-9katbLVr3aqI_AdD&_nc_ad=z-m&_nc_cid=0&_nc_zt=23&_nc_ht=scontent-ord5-2.cdninstagram.com&_nc_gid=lV4Z46huQPE2uVmxwXYsYQ&_nc_ss=7a22e&oh=00_AQI4Krw2CGt36KI8c20yT4ZuqToR-8h_gDIy87eHpAoSDg&oe=6AACF7D8""]"
35ff820ff88e02e39590c1ea28d770ce9980eeff82f3937f7f78a395d43e1c19,,,,,https://www.instagram.com/p/DdJrutyFAMr/,DdJrutyFAMr,bugiocentro,2026-09-11T15:00:24.000Z,"SEXTOU COM A AGENDA DE FINAL DE SEMANA NA BUGIO! ✨

Mais um findi chegou e com ele a nossa programação dos próximos 3 dias!

〰 SEXTA
22H30 | SHAKE - FABIANI + STTAR
Os DJs Fabiani e Sttar trazem a festa que mistura a cultura pop e entrega uma pista de dança cremosa do início ao fim! Gratuito para clientes.

〰️ SÁBADOS DA BUGIO
11H30 | ABERTURA DO BAR
Com a melhor Feijoada do Centro Leste, garantimos o seu almoço de Sábado até ás 17h!

14H | TRIO SAMBA CHORO🔸
A nossa roda de todo sábado está se preparando para o 3º Festival do Choro Mulheril, e quem assume o almoço no Largo da Antonieta é Lelê do Bandolim, Gustavo Lopes e Neno Moura com o Trio Samba Choro! 

17H30 | SAMBA DA ANTONIETA CONVIDA JÚ QUEIRÓZ E DU KADÊNCIA🔸
A roda de samba mais clássica de Floripa nunca falha e todo sábado chega com muita brasilidade na Victor Meirelles!

23H | OS GÊMEOS DO BAILE - ESPECIAL MICHAEL JACKSON
Uma noite em homenagem ao rei do pop com Os Gêmeos mais queridos da cidade no coração do Centro Leste! | Antecipados no link da bio!

〰️ DOMINGO
16H | ABERTURA DO BAR

17H | VINILARIA BUGIO🔸
É a terceira edição desse projeto que traz pro Largo da Antonieta a discotecagem em vinil com a cara da Bugio! 

🥣 Nossa cozinha estará em reforma entre domingo e quarta! :/

🔸= Eventos Colaborativos! Valorize os artistas!

🌧 A programação, principalmente a externa, pode ser alterada em caso de tempo ruim.",Sidecar,"[""https://scontent-ams2-1.cdninstagram.com/v/t51.82787-15/805119819_18474649414115878_3601475395675608769_n.heic?stp=dst-jpg_e35_tt6&_nc_cat=110&ig_cache_key=Mzk4MzkwNzYyMjE5MTQ1NDgzNw%3D%3D.3-ccb7-5&ccb=7-5&_nc_sid=58cdad&efg=eyJ2ZW5jb2RlX3RhZyI6IkNBUk9VU0VMX0lURU0ueHBpZHMuMTQ0MC5zZHIucmVndWxhcl9waG90by5DMyJ9&_nc_ohc=uFX7iLcALa0Q7kNvwHw2pQJ&_nc_oc=Adr1AM4W6nrBHqEDZb1Rd6CHXoaas8AK_K0djVIppxcS5voe1EWQwNV0EvHKVnIMWHM&_nc_ad=z-m&_nc_cid=0&_nc_zt=23&_nc_ht=scontent-ams2-1.cdninstagram.com&_nc_gid=ys-wVeJeKGVma3L5g6syHw&_nc_ss=7a22e&oh=00_AQKA7e0JSt9kySIYhyPAQDeSA7VSVTcWNiZ4ZbnfFlFZhw&oe=6AAD12BB"", ""https://scontent-ams2-1.cdninstagram.com/v/t51.82787-15/803067910_18474649402115878_2754348270359838864_n.heic?stp=dst-jpg_e35_tt6&_nc_cat=108&ig_cache_key=Mzk4MzkwNzYxODM2NzU0OTg0MA%3D%3D.3-ccb7-5&ccb=7-5&_nc_sid=58cdad&efg=eyJ2ZW5jb2RlX3RhZyI6IkNBUk9VU0VMX0lURU0ueHBpZHMuMTQ0MC5zZHIucmVndWxhcl9waG90by5DMyJ9&_nc_ohc=YxwGa2uqPpYQ7kNvwEo3Zac&_nc_oc=Adr1GkdYJpNXcfzKyXYEDEAyUYxJGkJoFIvuvZf_xQTpEL65ilZAZ8Rrzu6aTKk4Y7w&_nc_ad=z-m&_nc_cid=0&_nc_zt=23&_nc_ht=scontent-ams2-1.cdninstagram.com&_nc_gid=ys-wVeJeKGVma3L5g6syHw&_nc_ss=7a22e&oh=00_AQKBMTHw_4r2BA89eoW4ucFYXMEZBZB59g9T0CppLqXtGw&oe=6AACF8D0"", ""https://scontent-ams2-1.cdninstagram.com/v/t51.82787-15/805485584_18474649441115878_5109071581101920815_n.heic?stp=dst-jpg_e35_tt6&_nc_cat=102&ig_cache_key=Mzk4MzkwNzYyMzc1MzM5NzgyNg%3D%3D.3-ccb7-5&ccb=7-5&_nc_sid=58cdad&efg=eyJ2ZW5jb2RlX3RhZyI6IkNBUk9VU0VMX0lURU0ueHBpZHMuMTQ0MC5zZHIucmVndWxhcl9waG90by5DMyJ9&_nc_ohc=ExStpLGoXtMQ7kNvwHBpr3N&_nc_oc=Adr3bK0eOTuEC0gpl4fU_o385D9Qob0M1bbIp4jYa7uXYA2CVhPGXo0W9z8yFIaL9as&_nc_ad=z-m&_nc_cid=0&_nc_zt=23&_nc_ht=scontent-ams2-1.cdninstagram.com&_nc_gid=ys-wVeJeKGVma3L5g6syHw&_nc_ss=7a22e&oh=00_AQKLgIdvVOF_VA1QbhS9GILfC-m25FlgK1tCfVjPKir7pw&oe=6AACF841"", ""https://scontent-ams2-1.cdninstagram.com/v/t51.82787-15/806299190_18474649450115878_81629069013427537_n.heic?stp=dst-jpg_e35_tt6&_nc_cat=108&ig_cache_key=Mzk4MzkwNzYyNjcwNjA4NDc1Nw%3D%3D.3-ccb7-5&ccb=7-5&_nc_sid=58cdad&efg=eyJ2ZW5jb2RlX3RhZyI6IkNBUk9VU0VMX0lURU0ueHBpZHMuMTQ0MC5zZHIucmVndWxhcl9waG90by5DMyJ9&_nc_ohc=ZlgiZPlC0woQ7kNvwE28M5l&_nc_oc=AdqPNK3UHH9GHN1xPLIwnBVvP-LcfoptnkcuKZzEqmeBfsq85ZJ-AMqvE1IlUrNF1XU&_nc_ad=z-m&_nc_cid=0&_nc_zt=23&_nc_ht=scontent-ams2-1.cdninstagram.com&_nc_gid=ys-wVeJeKGVma3L5g6syHw&_nc_ss=7a22e&oh=00_AQLi6omPQwKOE-rjM16gdEax-4or1aw2w4eI5AzC4BjVqQ&oe=6AACEBFA"", ""https://scontent-ams2-1.cdninstagram.com/v/t51.82787-15/805899886_18474649480115878_3654524973325697844_n.heic?stp=dst-jpg_e35_tt6&_nc_cat=104&ig_cache_key=Mzk4MzkwNzYyOTgyMjE0Mjg3Ng%3D%3D.3-ccb7-5&ccb=7-5&_nc_sid=58cdad&efg=eyJ2ZW5jb2RlX3RhZyI6IkNBUk9VU0VMX0lURU0ueHBpZHMuMTQ0MC5zZHIucmVndWxhcl9waG90by5DMyJ9&_nc_ohc=TvfQdF_Gb7kQ7kNvwF1M0mh&_nc_oc=Adoz2aHvBEgQPp7iLoG2KOjr7wWp2fKs5binPNka5-FOBSzkxbvmE7keKbJ5hDqckKI&_nc_ad=z-m&_nc_cid=0&_nc_zt=23&_nc_ht=scontent-ams2-1.cdninstagram.com&_nc_gid=ys-wVeJeKGVma3L5g6syHw&_nc_ss=7a22e&oh=00_AQIczWJ-dBLIAIt1ee4bLtP3sSncw0kvsg88njNWggTCCw&oe=6AAD15BC"", ""https://scontent-ams2-1.cdninstagram.com/v/t51.82787-15/802457032_18474649471115878_8131331416597335308_n.heic?stp=dst-jpg_e35_tt6&_nc_cat=103&ig_cache_key=Mzk4MzkwNzYyODM4MjU0OTMwNA%3D%3D.3-ccb7-5&ccb=7-5&_nc_sid=58cdad&efg=eyJ2ZW5jb2RlX3RhZyI6IkNBUk9VU0VMX0lURU0ueHBpZHMuMTQ0MC5zZHIucmVndWxhcl9waG90by5DMyJ9&_nc_ohc=prlAn9lUAVQQ7kNvwFk31Pc&_nc_oc=AdoJu2CilY9KMq1yW7s5mPxnRsXm9HXI5zHE3jGrfiyXYbPwBZJuz-D85RMbA_pnYXg&_nc_ad=z-m&_nc_cid=0&_nc_zt=23&_nc_ht=scontent-ams2-1.cdninstagram.com&_nc_gid=ys-wVeJeKGVma3L5g6syHw&_nc_ss=7a22e&oh=00_AQJ4dzntJ1iqvvsPz536Eo_9HCgN--zEkVFbaM3aK1cw4g&oe=6AAD15A9"", ""https://scontent-ams2-1.cdninstagram.com/v/t51.82787-15/805405414_18474649513115878_7034248494835751295_n.heic?stp=dst-jpg_e35_tt6&_nc_cat=105&ig_cache_key=Mzk4MzkwNzYzODIwNjUyNjE4NQ%3D%3D.3-ccb7-5&ccb=7-5&_nc_sid=58cdad&efg=eyJ2ZW5jb2RlX3RhZyI6IkNBUk9VU0VMX0lURU0ueHBpZHMuMTQ0MC5zZHIucmVndWxhcl9waG90by5DMyJ9&_nc_ohc=PoPqrlxN0xQQ7kNvwExdxDP&_nc_oc=Adq1i0up50uewUZ40xApV_NHs-RDUAW6dGIKx09HmdyPuaCrSNID7mwvkfYMQOUPUI8&_nc_ad=z-m&_nc_cid=0&_nc_zt=23&_nc_ht=scontent-ams2-1.cdninstagram.com&_nc_gid=ys-wVeJeKGVma3L5g6syHw&_nc_ss=7a22e&oh=00_AQJGtgsZ09sjt4A7sKM_pv85mS2fVIzqSYmnrvI4cktXxw&oe=6AAD1517"", ""https://scontent-ams2-1.cdninstagram.com/v/t51.82787-15/806082795_18474649528115878_1125832168640058844_n.heic?stp=dst-jpg_e35_tt6&_nc_cat=109&ig_cache_key=Mzk4MzkwNzYzNzgzNjE1OTg2NQ%3D%3D.3-ccb7-5&ccb=7-5&_nc_sid=58cdad&efg=eyJ2ZW5jb2RlX3RhZyI6IkNBUk9VU0VMX0lURU0ueHBpZHMuMTQ0MC5zZHIucmVndWxhcl9waG90by5DMyJ9&_nc_ohc=3SqV4lV-SYwQ7kNvwGUsRQY&_nc_oc=AdrE7szwxdapl8rodmvQzISGodD-hkA2cdzOx-M3RoYRa7g0CVRG6D0ViVx8s6ZQck0&_nc_ad=z-m&_nc_cid=0&_nc_zt=23&_nc_ht=scontent-ams2-1.cdninstagram.com&_nc_gid=ys-wVeJeKGVma3L5g6syHw&_nc_ss=7a22e&oh=00_AQJYtwDJw7EQ7aLqvnkP7V4Mtk0uDFHhkS_FvSkZ9b394Q&oe=6AAD01BE"", ""https://www.instagram.com/p/DdJrt_usVp1/"", ""https://www.instagram.com/p/DdJrt8KxTGQ/"", ""https://www.instagram.com/p/DdJruBLyrZC/"", ""https://www.instagram.com/p/DdJruD7ySOV/"", ""https://www.instagram.com/p/DdJruG1hGmc/"", ""https://www.instagram.com/p/DdJruFftfU4/"", ""https://www.instagram.com/p/DdJruOpQ_Lp/"", ""https://www.instagram.com/p/DdJruOTMJt5/""]"
a99f6caa3d7e95a9592ff61e9b75455b5c1dc9c014309eb4fa53f657c1e97284,,,,,https://www.instagram.com/p/DdJUJtrFuS_/,DdJUJtrFuS_,bugiotrindade,2026-09-11T11:34:24.000Z,"SEXTOU COM UMA NOVA REMESSA DE BRINDES AGUARDANDO SEU RESGATE 🤤🍟🍻 VEM CURTIR COM A GENTE!!!

PELOS ARREDORES DA UFSC vários QR-CODES foram espalhados. É muito fácil de ganhar: não precisa nem baixar o app, só abrir o link do qr code que foi espalhado na ruas do campus (ou o nosso link da bio).

Marque nos comentários aquela amizade que vai andar a UFSC inteira com você atrás de prêmios!! 🏃‍♀️

📍Lembrete importante: a localização do seu navegador precisa estar ativada! Vai surgir um pedido de ativação se ela já não estiver.

⚠️ Atenção ao prazo: resgate do brinde válido no máximo uma semana (7 dias) depois da caça.",Sidecar,"[""https://instagram.flmm1-1.fna.fbcdn.net/v/t51.82787-15/803226600_18018947810923638_5958580088306482895_n.jpg?stp=dst-jpg_e35_tt6&_nc_cat=101&ig_cache_key=Mzk4MzgwMzcyNDI1NzgyMzU5OA%3D%3D.3-ccb7-5&ccb=7-5&_nc_sid=58cdad&efg=eyJ2ZW5jb2RlX3RhZyI6IkNBUk9VU0VMX0lURU0ueHBpZHMuMTA4MC5zZHIucmVndWxhcl9waG90by5DMyJ9&_nc_ohc=nesO9Cy_aowQ7kNvwEjSQ31&_nc_oc=AdqXo68un7FP2QS4Th11lNbm2FeJeLyE9Q6LRHHEqdOilb5RVjUyC-XVDDars5KbCnQ&_nc_ad=z-m&_nc_cid=0&_nc_zt=23&_nc_ht=instagram.flmm1-1.fna&_nc_gid=sfr3tEf0weMd-z2wkJTO_g&_nc_ss=7a22e&oh=00_AQJxOb89_hrGxKO_QQ0bNwFrY90Qgl1dhrUXFt8Mo0kSUQ&oe=6AACFD56"", ""https://instagram.flmm1-1.fna.fbcdn.net/v/t51.82787-15/804445266_18018947801923638_8929597318047646562_n.jpg?stp=dst-jpg_e35_tt6&_nc_cat=101&ig_cache_key=Mzk4MzgwMzcyNDEzMTQyNzkzOA%3D%3D.3-ccb7-5&ccb=7-5&_nc_sid=58cdad&efg=eyJ2ZW5jb2RlX3RhZyI6IkNBUk9VU0VMX0lURU0ueHBpZHMuMTA4MC5zZHIucmVndWxhcl9waG90by5DMyJ9&_nc_ohc=_P6OtAIueUgQ7kNvwGFBe9_&_nc_oc=AdptdWPu3hF_I8c1ijoK7r_sQS6uwmIgw7BGfXi7bORR7St8qorncL2-Jh4jWNCpCDM&_nc_ad=z-m&_nc_cid=0&_nc_zt=23&_nc_ht=instagram.flmm1-1.fna&_nc_gid=sfr3tEf0weMd-z2wkJTO_g&_nc_ss=7a22e&oh=00_AQK-5Zvv676ulcz8ETNz-ey1SyF1m4mbl_byZxF8tIFmhw&oe=6AAD06B9"", ""https://instagram.flmm1-1.fna.fbcdn.net/v/t51.82787-15/805936346_18018947846923638_8504699372903043833_n.jpg?stp=dst-jpg_e35_tt6&_nc_cat=100&ig_cache_key=Mzk4MzgwMzcyNTQ1NjgzNjQ1Nw%3D%3D.3-ccb7-5&ccb=7-5&_nc_sid=58cdad&efg=eyJ2ZW5jb2RlX3RhZyI6IkNBUk9VU0VMX0lURU0ueHBpZHMuMTA4MC5zZHIucmVndWxhcl9waG90by5DMyJ9&_nc_ohc=xLaepOfeDtEQ7kNvwGmtvJW&_nc_oc=AdqS5xy9MS5-RQPMMlC4Wk0S518dNgrUiSKZXv9_qe1e_5KsYO-wfcdecA8HU7lVpvg&_nc_ad=z-m&_nc_cid=0&_nc_zt=23&_nc_ht=instagram.flmm1-1.fna&_nc_gid=sfr3tEf0weMd-z2wkJTO_g&_nc_ss=7a22e&oh=00_AQJHtGbpKlv13bX8GB0wvyjf95fXw5RujCJpwY0h-PJfHQ&oe=6AAD08D7"", ""https://instagram.flmm1-1.fna.fbcdn.net/v/t51.82787-15/805119404_18018947822923638_9211943468023591405_n.jpg?stp=dst-jpg_e35_tt6&_nc_cat=100&ig_cache_key=Mzk4MzgwMzcyNTEyNjEyNjQyNw%3D%3D.3-ccb7-5&ccb=7-5&_nc_sid=58cdad&efg=eyJ2ZW5jb2RlX3RhZyI6IkNBUk9VU0VMX0lURU0ueHBpZHMuMTA4MC5zZHIucmVndWxhcl9waG90by5DMyJ9&_nc_ohc=9PT4GacfO2kQ7kNvwFOeZKS&_nc_oc=AdoWrr5GnpqYw7eRnQI5LojDIoEUJJtD-gQkLYeESzM9Ro08_kA64iS7dOqePukLVjk&_nc_ad=z-m&_nc_cid=0&_nc_zt=23&_nc_ht=instagram.flmm1-1.fna&_nc_gid=sfr3tEf0weMd-z2wkJTO_g&_nc_ss=7a22e&oh=00_AQI-TbhdDw7mkWE0UDduUCtkhrYar_nRiShcTWiKp3iP-w&oe=6AACED69"", ""https://www.instagram.com/p/DdJUGFPRAtu/"", ""https://www.instagram.com/p/DdJUGFHu2Zi/"", ""https://www.instagram.com/p/DdJUGGWu4dp/"", ""https://www.instagram.com/p/DdJUGGDBUtb/""]"
123cecbcbe61ac4fba5b9155ebb08ff343df087788dd69fcf5b451807f0e61c6,,,,,https://www.instagram.com/p/DdIFkynobw_/,DdIFkynobw_,bugiocentro,2026-09-11T00:10:17.000Z,"POV: Você acaba de descobrir onde vai ser o melhor rolê do sábado. 👇🔥

Os Gêmeos do Baile trazendo o Especial Michael Jackson que Floripa precisava. É Hip-Hop, é R&B, é o Bugio Centro fervendo. Apenas fatos. 
Prepare seus melhores moonwalks, chama tua turma e vem!

📍 Bugio Centro

🗓️ 12 SET | 22h
🎟️ Os antecipados estão em ‘modo turbo’. Link na bio! 🚀",Video,"[""https://scontent-fco2-1.cdninstagram.com/v/t51.82787-15/805485686_18474530350115878_2812815334049977680_n.jpg?stp=dst-jpg_e15_tt6&_nc_cat=100&ig_cache_key=Mzk4MzQ1ODM4ODg5NDkyMzgzOTE4NDc0NTMwMzQ3MTE1ODc4.3-ccb7-5&ccb=7-5&_nc_sid=58cdad&efg=eyJ2ZW5jb2RlX3RhZyI6IkNMSVBTLnhwaWRzLjcyMC5zZHIudmlkZW9fZGVmYXVsdF9jb3Zlcl9mcmFtZS5DMyJ9&_nc_ohc=6zRDSduCeJkQ7kNvwH6kKLr&_nc_oc=AdpLYutWE2wJPfMDCJcrGZ96kcgmEAIlTbm2p07juCyIbOacVYcVcm_QXXW1kEInusI&_nc_zt=23&_nc_ht=scontent-fco2-1.cdninstagram.com&_nc_gid=Uyqi7Mnt4fSD0o5N5NeVHQ&_nc_ss=73a8c&oh=00_AQJl-nbVAGQupnwT0rI71an05NxCLdtRzb0YfzKFf9E3Xg&oe=6AAD10DC""]"
8d3493ca4c1d1a629e64b865272757d8f2240943a5fbe2be15368ec2fe94a413,,,,,https://www.instagram.com/p/DdHr2TwyHAv/,DdHr2TwyHAv,bugiocentro,2026-09-10T20:23:21.000Z,"SEXTA VAMOS DE SHAKE! BATIDA BOA MADRUGA A DENTRO 👑💖✨ 

Os DJs Fabiani e Sttar chegam sextando com a festa feita pra quem transpira o mundo pop! É a SHAKE que vem ferver a pista com os clássicos, antigos e atuais, da cultura pop!
E nessa edição o repertório vem cremoso: DE MADONNA A MARINA SENA, vai ser hit global atrás de hit, em uma noite para celebrar a liberdade e a diversidade que só o pop proporciona. 

A entrada é gratuita para clientes! Compre seu drink ou chope e caia na pista sem medo e nem vergonha!",Image,"[""https://instagram.fbcn9-1.fna.fbcdn.net/v/t51.82787-15/802641477_18474508675115878_1643112618131409404_n.jpg?stp=dst-jpg_e35_tt6&_nc_cat=101&ig_cache_key=Mzk4MzM0NTI0MzUwMzc1MTIxNQ%3D%3D.3-ccb7-5&ccb=7-5&_nc_sid=58cdad&efg=eyJ2ZW5jb2RlX3RhZyI6IkZFRUQueHBpZHMuMTM1MC5zZHIucmVndWxhcl9waG90by5DMyJ9&_nc_ohc=XX-VW6yJb9oQ7kNvwE-RDKn&_nc_oc=Adr5xQGR04t1mOWx6Q8y2P78BR8zkxpnPAunGz3j3j7ZAA-h0Z3ya2iuvbMtm7miZqI&_nc_ad=z-m&_nc_cid=0&_nc_zt=23&_nc_ht=instagram.fbcn9-1.fna&_nc_gid=SuZBE-1b47A7ggbMry_AAw&_nc_ss=7a22e&oh=00_AQK3sz9AkWCn6iS5Ku02Pt-VP3egiaBgbaH4100YewTxDg&oe=6AAD03FB""]"
6109b99bad73146fa00ceb28775e3bfbaee15ef7b032df8367dc53d34e3315f6,,,,,https://www.instagram.com/p/DdHEV0SMInB/,DdHEV0SMInB,bugiocentro,2026-09-10T14:37:47.000Z,"DOMINGO DE VINIL NA BUGIO! 🎶🍻
O VINILARIA BUGIO é um rolê dedicado ao vinil e com uma seleção afiadíssima! É um projeto que visa trazer para o Largo da Antonieta a loucura que é um pedaço de acetato virar som através de uma agulha! 
A abertura dos trabalhos fica por conta de Calvin Trezzi, que vai conduzir um passeio pela música brasileira e pelos clássicos mundiais! É aquela trilha sonora perfeita para um domingo de quem gosta de música boa, memória afetiva e jogar conversa fora! 🍻🎶",Image,"[""https://scontent-lhr11-1.cdninstagram.com/v/t51.82787-15/802459069_18474441043115878_7144764783054644481_n.heic?stp=dst-jpg_e35_tt6&_nc_cat=107&ig_cache_key=Mzk4MzE3MTQ4Njg2NzI5NDY1Nw%3D%3D.3-ccb7-5&ccb=7-5&_nc_sid=58cdad&efg=eyJ2ZW5jb2RlX3RhZyI6IkZFRUQueHBpZHMuMTQ0MC5zZHIucmVndWxhcl9waG90by5DMyJ9&_nc_ohc=abM4ARstIicQ7kNvwFLAwbS&_nc_oc=AdpqA57oVb36Y14lVzB5ckJG6PjzlO34zzazMsdig8CqeExglxmA4fm61JfTiRzsf_M&_nc_ad=z-m&_nc_cid=0&_nc_zt=23&_nc_ht=scontent-lhr11-1.cdninstagram.com&_nc_gid=7sFBb45ULfnAOk9m_yhRbw&_nc_ss=7a22e&oh=00_AQKUv3xCrPWkciLb0UJzcDU9OFvj52vNE-1mho9UTxDSdA&oe=6AACEAA9""]"
42c74f7e0d25a379944baafa0a10b7535a22f7323880fb53e3059f061793a588,,,,,https://www.instagram.com/p/DdHAmy0kd7j/,DdHAmy0kd7j,floripa.cultural,2026-09-10T14:05:06.000Z,"Programação de 10 a 16 de setembro das salas de cinema do @cinesystem no @villaromanashopping. 

E nesse período tem promoção: Matinês a partir de R$ 10 (meia entrada) e demais horários R$ 12. Aproveite!

Confira as estreias da semana em destaque.

CÓDIGO: VINGANÇA
Diretor: Jean-François Richet
Elenco: Jason Statham, Annabelle Wallis, Adrian Lester
Após testemunhar o assassinato de seu chefe bilionário e ser injustamente incriminado pelo crime, Cole Reed embarca em um navio cargueiro em uma cruzada solitária para vingar a morte do chefe. No entanto, à medida que avança em sua missão, ele descobre que está no centro de uma perigosa conspiração internacional.

DA MAGIA À SEDUÇÃO: FEITIÇO DE AMOR
Diretor: Susanne Bier
Elenco: Sandra Bullock, Nicole Kidman, Joey King, Stockard Channing
O tempo passou, mas Sally e Gillian ainda são assombradas pela maldição do clã Owen: todos que amam acabam morrendo. Agora, as duas devem confrontar poderes que ameaçam acabar com sua família de uma vez por todas.

OASIS - DON’T LOOK BACK IN ANGER
Diretor: Steven Knight, Will Lovelace, Dylan Southern
Elenco: Liam Gallagher, Noel Gallagher, Oasis
Registro da Oasis Live ‘25, turnê que reuniu os irmãos Liam e Noel Gallagher nos palcos novamente.",Sidecar,"[""https://scontent-bos5-1.cdninstagram.com/v/t51.82787-15/803067889_18041984531818712_3758717854843473900_n.jpg?stp=dst-jpg_e35_tt6&_nc_cat=106&ig_cache_key=Mzk4MzE1MjQ3NDAyOTk4NTQ0OQ%3D%3D.3-ccb7-5&ccb=7-5&_nc_sid=58cdad&efg=eyJ2ZW5jb2RlX3RhZyI6IkNBUk9VU0VMX0lURU0ueHBpZHMuOTYwLnNkci5yZWd1bGFyX3Bob3RvLkMzIn0%3D&_nc_ohc=aAFzW_Q6evQQ7kNvwFEmpBa&_nc_oc=AdpXqNEQ254slefvHejFtMwfpP8lYBmdWYY9lyiQFgzLfYuP4p5bSkj3ewcaKYtcV0E&_nc_ad=z-m&_nc_cid=0&_nc_zt=23&_nc_ht=scontent-bos5-1.cdninstagram.com&_nc_gid=k-fIO5AQnJUcZTsTVEz83g&_nc_ss=7a22e&oh=00_AQLEZVtnsaUccWBcdoAKX449ZL2SEfjs6zciNe4SfGOTzg&oe=6AAD07A0"", ""https://scontent-bos5-1.cdninstagram.com/v/t51.82787-15/802641633_18041984543818712_5802871960228010842_n.jpg?stp=dst-jpg_e35_tt6&_nc_cat=103&ig_cache_key=Mzk4MzE1MjQ3NzMwOTc4NDQ2Mw%3D%3D.3-ccb7-5&ccb=7-5&_nc_sid=58cdad&efg=eyJ2ZW5jb2RlX3RhZyI6IkNBUk9VU0VMX0lURU0ueHBpZHMuOTYwLnNkci5yZWd1bGFyX3Bob3RvLkMzIn0%3D&_nc_ohc=5d_diS4AugEQ7kNvwGseh2c&_nc_oc=AdrkRcPtBUBdAWidM5I-EaX_SUegn7Y23__0elLRTnHt-temfa2vSxR_MOsS9lrPxq4&_nc_ad=z-m&_nc_cid=0&_nc_zt=23&_nc_ht=scontent-bos5-1.cdninstagram.com&_nc_gid=k-fIO5AQnJUcZTsTVEz83g&_nc_ss=7a22e&oh=00_AQJL7Ea72I6uifnOq_EMaby8Tutgl_v9KzODJ9B51sRu4w&oe=6AAD154A"", ""https://scontent-bos5-1.cdninstagram.com/v/t51.82787-15/802778643_18041984549818712_5359421304116432572_n.jpg?stp=dst-jpg_e35_tt6&_nc_cat=106&ig_cache_key=Mzk4MzE1MjQ3ODYwMTg1NDI0Ng%3D%3D.3-ccb7-5&ccb=7-5&_nc_sid=58cdad&efg=eyJ2ZW5jb2RlX3RhZyI6IkNBUk9VU0VMX0lURU0ueHBpZHMuOTYwLnNkci5yZWd1bGFyX3Bob3RvLkMzIn0%3D&_nc_ohc=WCdozCdMSeUQ7kNvwGbBgW2&_nc_oc=Adr7K_PGwXqTquvUPsdKE1tqVIYbI195QBUSZOCNQbUYKNmwVx6WXtdYLfEO77_eyJY&_nc_ad=z-m&_nc_cid=0&_nc_zt=23&_nc_ht=scontent-bos5-1.cdninstagram.com&_nc_gid=k-fIO5AQnJUcZTsTVEz83g&_nc_ss=7a22e&oh=00_AQKW0WrZt9mT0UIXY2y_CNeVXCWfKpd6yxQEQ2d9IrSbqA&oe=6AACF251"", ""https://scontent-bos5-1.cdninstagram.com/v/t51.82787-15/803323424_18041984597818712_6459251583567849776_n.jpg?stp=dst-jpg_e35_tt6&_nc_cat=107&ig_cache_key=Mzk4MzE1MjQ4MDM0NjQ5NjA0NQ%3D%3D.3-ccb7-5&ccb=7-5&_nc_sid=58cdad&efg=eyJ2ZW5jb2RlX3RhZyI6IkNBUk9VU0VMX0lURU0ueHBpZHMuOTYwLnNkci5yZWd1bGFyX3Bob3RvLkMzIn0%3D&_nc_ohc=Zl2-lORb7ysQ7kNvwEoGu3i&_nc_oc=Adoh5IJKFDIpzKFh_VGE7vd1qYdHg1ige0ZQFOrw9v6rRozAj_FOLTY5EERQjg_OLHE&_nc_ad=z-m&_nc_cid=0&_nc_zt=23&_nc_ht=scontent-bos5-1.cdninstagram.com&_nc_gid=k-fIO5AQnJUcZTsTVEz83g&_nc_ss=7a22e&oh=00_AQKYxLvi5QL92ncwwGTkZplOZLipSoB7hANNUPg_OaycIg&oe=6AACFAB0"", ""https://scontent-bos5-1.cdninstagram.com/v/t51.82787-15/802778642_18041984672818712_5897313860752035238_n.jpg?stp=dst-jpg_e35_tt6&_nc_cat=107&ig_cache_key=Mzk4MzE1MjQ5MzkyNzg0OTIzNg%3D%3D.3-ccb7-5&ccb=7-5&_nc_sid=58cdad&efg=eyJ2ZW5jb2RlX3RhZyI6IkNBUk9VU0VMX0lURU0ueHBpZHMuOTYwLnNkci5yZWd1bGFyX3Bob3RvLkMzIn0%3D&_nc_ohc=EhqSDHcsRRgQ7kNvwHHpZIy&_nc_oc=Adrl0haO5zkggcLEqqlMgElCBoTogVcUU9LvpIFSnWa2UWrN1awwNg7IvEQDgv0yM3Y&_nc_ad=z-m&_nc_cid=0&_nc_zt=23&_nc_ht=scontent-bos5-1.cdninstagram.com&_nc_gid=k-fIO5AQnJUcZTsTVEz83g&_nc_ss=7a22e&oh=00_AQIMS6wTnWVtOxdIokJvUmMnX33jFM_YYpIapPr9GMudyA&oe=6AAD1437"", ""https://scontent-bos5-1.cdninstagram.com/v/t51.82787-15/802778652_18041984663818712_7468450396806291059_n.jpg?stp=dst-jpg_e35_tt6&_nc_cat=110&ig_cache_key=Mzk4MzE1MjQ5Mzk2MTE3NjE0NA%3D%3D.3-ccb7-5&ccb=7-5&_nc_sid=58cdad&efg=eyJ2ZW5jb2RlX3RhZyI6IkNBUk9VU0VMX0lURU0ueHBpZHMuOTYwLnNkci5yZWd1bGFyX3Bob3RvLkMzIn0%3D&_nc_ohc=-g_CUbYMDfIQ7kNvwG4uhpo&_nc_oc=AdruKbS7Uv3imgQgcQ-wyTVO_YwT4t39jMg9rChp1Y3_3zo_cCdwMGsbKztBprgyijo&_nc_ad=z-m&_nc_cid=0&_nc_zt=23&_nc_ht=scontent-bos5-1.cdninstagram.com&_nc_gid=k-fIO5AQnJUcZTsTVEz83g&_nc_ss=7a22e&oh=00_AQI8WvHCNUrZq6lFYLCOTZ9RfDgWO4lxtJH2TPxe7C7kpA&oe=6AAD0752"", ""https://scontent-bos5-1.cdninstagram.com/v/t51.82787-15/802561841_18041984588818712_2848667322609962579_n.jpg?stp=dst-jpg_e35_tt6&_nc_cat=109&ig_cache_key=Mzk4MzE1MjQ4MzM4MzM0MDEwOQ%3D%3D.3-ccb7-5&ccb=7-5&_nc_sid=58cdad&efg=eyJ2ZW5jb2RlX3RhZyI6IkNBUk9VU0VMX0lURU0ueHBpZHMuOTYwLnNkci5yZWd1bGFyX3Bob3RvLkMzIn0%3D&_nc_ohc=dNrWOO8hSLsQ7kNvwEJJWxh&_nc_oc=Adr12rxemsV3zNZ3LBfjsUbc4ZZjVNnhJ5eVIekwyw83ec-4991ZwCYcz3yKWkLK9ic&_nc_ad=z-m&_nc_cid=0&_nc_zt=23&_nc_ht=scontent-bos5-1.cdninstagram.com&_nc_gid=k-fIO5AQnJUcZTsTVEz83g&_nc_ss=7a22e&oh=00_AQIWAosXQuLFFmo6xVPygnvst4nQGyMODef6NDGkNkEB4A&oe=6AAD0ADB"", ""https://scontent-bos5-1.cdninstagram.com/v/t51.82787-15/802596962_18041984579818712_8539723211855304714_n.jpg?stp=dst-jpg_e35_tt6&_nc_cat=111&ig_cache_key=Mzk4MzE1MjQ4NjA4NDQ5NTI2OA%3D%3D.3-ccb7-5&ccb=7-5&_nc_sid=58cdad&efg=eyJ2ZW5jb2RlX3RhZyI6IkNBUk9VU0VMX0lURU0ueHBpZHMuOTYwLnNkci5yZWd1bGFyX3Bob3RvLkMzIn0%3D&_nc_ohc=XGZvlaNVCN4Q7kNvwE_5I2E&_nc_oc=AdoGa5ZxhFZNr-1i46KdaEYBxKsE6DGG7kluYZWZ7Cx0v2R56zLcB_GU0niaT7IBjQ0&_nc_ad=z-m&_nc_cid=0&_nc_zt=23&_nc_ht=scontent-bos5-1.cdninstagram.com&_nc_gid=k-fIO5AQnJUcZTsTVEz83g&_nc_ss=7a22e&oh=00_AQJbZ8hNlY6XvY79hZ_xtHl9gGGx4cp7N8t9AfhYsTICOg&oe=6AAD144B"", ""https://scontent-bos5-1.cdninstagram.com/v/t51.82787-15/802641632_18041984618818712_3164690978600240770_n.jpg?stp=dst-jpg_e35_tt6&_nc_cat=109&ig_cache_key=Mzk4MzE1MjQ4NzY2OTcxNTkzMw%3D%3D.3-ccb7-5&ccb=7-5&_nc_sid=58cdad&efg=eyJ2ZW5jb2RlX3RhZyI6IkNBUk9VU0VMX0lURU0ueHBpZHMuOTYwLnNkci5yZWd1bGFyX3Bob3RvLkMzIn0%3D&_nc_ohc=rn_-y-m4CkoQ7kNvwEqfe1M&_nc_oc=AdowsJW-oKva6N1Oos5P0xUBf3PJtm-2-joCBQMfTPMcoAaCl7o01LML9sVHBEZV9MA&_nc_ad=z-m&_nc_cid=0&_nc_zt=23&_nc_ht=scontent-bos5-1.cdninstagram.com&_nc_gid=k-fIO5AQnJUcZTsTVEz83g&_nc_ss=7a22e&oh=00_AQLP0o4STR3p5VXe3mhvmpJGazNlhy0wJv_XwVYC7bKd2A&oe=6AACEDDE"", ""https://scontent-bos5-1.cdninstagram.com/v/t51.82787-15/789873084_18041984633818712_478886591253244879_n.jpg?stp=dst-jpg_e35_tt6&_nc_cat=102&ig_cache_key=Mzk4MzE1MjQ5Mzk5NDk2NTk5OQ%3D%3D.3-ccb7-5&ccb=7-5&_nc_sid=58cdad&efg=eyJ2ZW5jb2RlX3RhZyI6IkNBUk9VU0VMX0lURU0ueHBpZHMuOTYwLnNkci5yZWd1bGFyX3Bob3RvLkMzIn0%3D&_nc_ohc=qF8DkJ3MC1sQ7kNvwEa3vAR&_nc_oc=AdqMCSVvmr4mw4A4gU1S_Rf5IE5ZkNrpdYylqzJrAfAbCrOLPdDPHscGG1CqWgU5Axg&_nc_ad=z-m&_nc_cid=0&_nc_zt=23&_nc_ht=scontent-bos5-1.cdninstagram.com&_nc_gid=k-fIO5AQnJUcZTsTVEz83g&_nc_ss=7a22e&oh=00_AQKHuVLBX6vBQcS2PgMbkDU-r-XEWbXY6GE7fZKDPF1G1g&oe=6AACFD73"", ""https://scontent-bos5-1.cdninstagram.com/v/t51.82787-15/802778639_18041984648818712_1041178342491613525_n.jpg?stp=dst-jpg_e35_tt6&_nc_cat=108&ig_cache_key=Mzk4MzE1MjQ5NjYyODc4Mzk5Mg%3D%3D.3-ccb7-5&ccb=7-5&_nc_sid=58cdad&efg=eyJ2ZW5jb2RlX3RhZyI6IkNBUk9VU0VMX0lURU0ueHBpZHMuOTYwLnNkci5yZWd1bGFyX3Bob3RvLkMzIn0%3D&_nc_ohc=GIiVC4X4gjYQ7kNvwHCPFaS&_nc_oc=AdoiaPHqVj420nwex1iEJmYnIwXXOZJNS6kxKeo_exhEbf4d0Mtp6X42NUMfAgDJ4vw&_nc_ad=z-m&_nc_cid=0&_nc_zt=23&_nc_ht=scontent-bos5-1.cdninstagram.com&_nc_gid=k-fIO5AQnJUcZTsTVEz83g&_nc_ss=7a22e&oh=00_AQJ5f9R-0krOttoyHDUJ_dGGUtyueeZGiNsgl5xDOsk6yQ&oe=6AAD1199"", ""https://scontent-bos5-1.cdninstagram.com/v/t51.82787-15/802699837_18041984735818712_7723981553283157077_n.jpg?stp=dst-jpg_e35_tt6&_nc_cat=100&ig_cache_key=Mzk4MzE1MjUxMTQ5MzU1MDM1Nw%3D%3D.3-ccb7-5&ccb=7-5&_nc_sid=58cdad&efg=eyJ2ZW5jb2RlX3RhZyI6IkNBUk9VU0VMX0lURU0ueHBpZHMuOTYwLnNkci5yZWd1bGFyX3Bob3RvLkMzIn0%3D&_nc_ohc=aUxr8iLx9z8Q7kNvwFZxZSZ&_nc_oc=Adp-PMTTifVYEVvMSHvwu4ZF7yaLbxbLCnCdpsFT8EmJ9ywN5-droXKCJmivPGl8TtA&_nc_ad=z-m&_nc_cid=0&_nc_zt=23&_nc_ht=scontent-bos5-1.cdninstagram.com&_nc_gid=k-fIO5AQnJUcZTsTVEz83g&_nc_ss=7a22e&oh=00_AQJ4Rkp9-qKK2MTtCmktUChF25E3A7Jn41mYZ0nBmx9yEg&oe=6AACEC9C"", ""https://scontent-bos5-1.cdninstagram.com/v/t51.82787-15/802596960_18041984699818712_8597849747952997342_n.jpg?stp=dst-jpg_e35_tt6&_nc_cat=109&ig_cache_key=Mzk4MzE1MjUwMzc1OTI1NzA5MQ%3D%3D.3-ccb7-5&ccb=7-5&_nc_sid=58cdad&efg=eyJ2ZW5jb2RlX3RhZyI6IkNBUk9VU0VMX0lURU0ueHBpZHMuOTYwLnNkci5yZWd1bGFyX3Bob3RvLkMzIn0%3D&_nc_ohc=4teXL24ZgoIQ7kNvwFSJ2V_&_nc_oc=AdogEfw-jvb5J4wuGGei0-UELYYJ8LbLAkZ6yohu-tIlL4ycpvxJaYtCPfafW6Fh-KA&_nc_ad=z-m&_nc_cid=0&_nc_zt=23&_nc_ht=scontent-bos5-1.cdninstagram.com&_nc_gid=k-fIO5AQnJUcZTsTVEz83g&_nc_ss=7a22e&oh=00_AQIhUkPBl3m7cW7GYdW28wrEx6ax1FjlCFGuW0Ap0jsKpA&oe=6AACFE46"", ""https://scontent-bos5-1.cdninstagram.com/v/t51.82787-15/802561842_18041984708818712_8830687866967310341_n.jpg?stp=dst-jpg_e35_tt6&_nc_cat=106&ig_cache_key=Mzk4MzE1MjUwNzM2NjE1MjM0Mw%3D%3D.3-ccb7-5&ccb=7-5&_nc_sid=58cdad&efg=eyJ2ZW5jb2RlX3RhZyI6IkNBUk9VU0VMX0lURU0ueHBpZHMuOTYwLnNkci5yZWd1bGFyX3Bob3RvLkMzIn0%3D&_nc_ohc=o8bDsCSFtm4Q7kNvwFlmTL4&_nc_oc=AdoGzPOm6clD9ibYkkIGgTxTyt1d7WSEEFPlt44tPWd1P11cipLKlUuX-0A2y0STlWE&_nc_ad=z-m&_nc_cid=0&_nc_zt=23&_nc_ht=scontent-bos5-1.cdninstagram.com&_nc_gid=k-fIO5AQnJUcZTsTVEz83g&_nc_ss=7a22e&oh=00_AQLguKjHpBEpS6rvu_hleUXLTqwv5Tr__ka_H01Q0gV_7w&oe=6AACE8A1"", ""https://scontent-bos5-1.cdninstagram.com/v/t51.82787-15/802641623_18041984723818712_248159412387633676_n.jpg?stp=dst-jpg_e35_tt6&_nc_cat=104&ig_cache_key=Mzk4MzE1MjUxMTE5OTk1MDM2MQ%3D%3D.3-ccb7-5&ccb=7-5&_nc_sid=58cdad&efg=eyJ2ZW5jb2RlX3RhZyI6IkNBUk9VU0VMX0lURU0ueHBpZHMuOTYwLnNkci5yZWd1bGFyX3Bob3RvLkMzIn0%3D&_nc_ohc=gjEQ356CGR4Q7kNvwFh06x0&_nc_oc=AdofCw0edjs0xDzNDDUBY6fH5kMtuTv2eJTueZVLbGyo9qBBIz9k8-RzsEXCYhg_rk8&_nc_ad=z-m&_nc_cid=0&_nc_zt=23&_nc_ht=scontent-bos5-1.cdninstagram.com&_nc_gid=k-fIO5AQnJUcZTsTVEz83g&_nc_ss=7a22e&oh=00_AQIzPTzETpuRJgLq2Bu9OOIY7G9q-Xy70XHLvnh8jta_FQ&oe=6AAD142E"", ""https://www.instagram.com/p/DdHABJMxo6p/"", ""https://www.instagram.com/p/DdHABMQRFGP/"", ""https://www.instagram.com/p/DdHABNdR70m/"", ""https://www.instagram.com/p/DdHABPFRNwt/"", ""https://www.instagram.com/p/DdHABbux90U/"", ""https://www.instagram.com/p/DdHABbwxGRQ/"", ""https://www.instagram.com/p/DdHABR6R2xN/"", ""https://www.instagram.com/p/DdHABUbR8ek/"", ""https://www.instagram.com/p/DdHABV5xFPd/"", ""https://www.instagram.com/p/DdHABbyx_vv/"", ""https://www.instagram.com/p/DdHABePxNt4/"", ""https://www.instagram.com/p/DdHABsFxzEV/"", ""https://www.instagram.com/p/DdHABk4xz4D/"", ""https://www.instagram.com/p/DdHABoPxBiX/"", ""https://www.instagram.com/p/DdHABr0RzYZ/""]"
8cd9585f1ea9037e56f2c66f19237c40aa26bd67ed4633f673d2c7193a54387e,,,,,https://www.instagram.com/p/DdHAJ2PSYUL/,DdHAJ2PSYUL,bugiotrindade,2026-09-10T14:01:17.000Z,"SÁBADO COM FORRÓ DA NATI + CHOPE EM DOBRO NA MAIS QUERIDA DA TRINDADE!

Forró de sábado é aqui! E bora falar da diva que vai fazer acontecer nesse sábado?

Nati é multi artista: cantora, compositora, violinista, atriz, professora de música e amante da dança. O Forró da Nati iniciou em 2022 reunindo músicos da ilha numa formação diversificada a cada show.

No repertório aquela mistura boa dos clássicos do xote ao baião, além de suas canções autorais. Neste evento o quarteto contará com: Gabi Mafra, Lagartixa e Catalina! 

BORA MEU POVO!

Sábado | 12 de setembro
Bar abre às 18h | Forró as 20h30
Contribuição sugerida: R$ 20

Informações de acessibilidade e ambiente:

Espaço acessível para pessoas cadeirantes

Cardápio acessível com vídeo em LIBRAS

EVENTO COLABORATIVO! APOIAR A CENA DO FORRÓ? GOSTOSO DEMAIS!",Image,"[""https://instagram.fpbc4-1.fna.fbcdn.net/v/t51.82787-15/802652719_18018833309923638_2957860155106035555_n.heic?stp=dst-jpg_e35_tt6&_nc_cat=107&ig_cache_key=Mzk4MzE1MzA3MjE0NjMxODYwMw%3D%3D.3-ccb7-5&ccb=7-5&_nc_sid=58cdad&efg=eyJ2ZW5jb2RlX3RhZyI6IkZFRUQueHBpZHMuMTQ0MC5zZHIucmVndWxhcl9waG90by5DMyJ9&_nc_ohc=FrHSwk2yigQQ7kNvwFjTrpf&_nc_oc=AdqkUsTExZtyOyOXhr1IQoKVQWpuSDFteST48U2ExjHBUbQsna9pwd4YuKWwBcDxvbGFQf1bC-4RuPiB24nt4AMC&_nc_ad=z-m&_nc_cid=0&_nc_zt=23&_nc_ht=instagram.fpbc4-1.fna&_nc_gid=0dDFpzMNPbGVfJvXnk_htA&_nc_ss=7a22e&oh=00_AQI-BvhdVnp3PjfrU1nppm2HakFATS8LyWTVopTb4sGCVA&oe=6AAD0CF3""]"
2f8b63078e8c045cd08bd528747ba89dfb7ccbeaa3b6b4e8d7cc1473f2238056,,,,,https://www.instagram.com/p/DdFm5_dspO9/,DdFm5_dspO9,setorialhumanidadesfloripa,2026-09-10T01:02:17.000Z,Por aqui deu 2° turno 😬😁 Te convidamos a votar na sigla que preferir para o 1° Festival Literário de Florianópolis ou de Floripa. (Votação válida até 22h de 10/09).,Video,"[""https://instagram.fktw4-1.fna.fbcdn.net/v/t51.82787-15/802641318_18102734996620922_7745766315438598077_n.jpg?stp=dst-jpg_e15_tt6&_nc_cat=111&ig_cache_key=Mzk4Mjc2MDU1NjQwMDY0NTA1MzE4MTAyNzM0OTkwNjIwOTIy.3-ccb7-5&ccb=7-5&_nc_sid=58cdad&efg=eyJ2ZW5jb2RlX3RhZyI6IkNMSVBTLnhwaWRzLjExNzAuc2RyLnZpZGVvX2RlZmF1bHRfY292ZXJfZnJhbWUuQzMifQ%3D%3D&_nc_ohc=LQACZKZf2JoQ7kNvwHxR4TR&_nc_oc=AdrFhjla_tq5g6kC7EPGjA3nWhVZMW_5MLKzgp0lR9O4XnF38qnxun9sAYT8GkhsX2Q&_nc_ad=z-m&_nc_cid=0&_nc_zt=23&_nc_ht=instagram.fktw4-1.fna&_nc_gid=upi_m8G-9qQvxEyuU5eueQ&_nc_ss=7a22e&oh=00_AQIDC4D5zbl1PqdObd8GuhNXz3Zgtx6aks12l_WuAYemOw&oe=6AACF864""]"
0fb4e1c7b46abc14e39337dcfff57e187550b2c5771eb481a894726749476d09,,,,,https://www.instagram.com/p/DdFfHBdx7K6/,DdFfHBdx7K6,floripa.cultural,2026-09-10T00:49:25.000Z,"O tempo segue seu curso infinito. Juntos vivemos as frações do agora. Nosso repertório individual faz parte de quem somos e de nossa percepção de mundo. Por isso acreditamos na potência transformadora através das artes e como isso pode tornar cada momento infinitamente melhor.

Juntos fazemos o @floripa.cultural acontecer.
Gisele e Cezar.",Image,"[""https://instagram.frao5-1.fna.fbcdn.net/v/t51.82787-15/802458064_18041899979818712_5142998676270487960_n.jpg?stp=dst-jpg_e35_tt6&_nc_cat=109&ig_cache_key=Mzk4MjcyNjI2NzUzMDYyMTYyNg%3D%3D.3-ccb7-5&ccb=7-5&_nc_sid=58cdad&efg=eyJ2ZW5jb2RlX3RhZyI6IkZFRUQueHBpZHMuMTIwMC5zZHIucmVndWxhcl9waG90by5DMyJ9&_nc_ohc=o5_mZszjikgQ7kNvwGk8RUr&_nc_oc=Adqze43aybX3f9gQQh99hpvZnJVBvAoI1WjiIyQQvRn7D2I2iYq61_RQRvTdbXA5iDI&_nc_ad=z-m&_nc_cid=0&_nc_zt=23&_nc_ht=instagram.frao5-1.fna&_nc_gid=dmKXKesLSsBPfCP1zxFPSA&_nc_ss=7a22e&oh=00_AQIzEEIs73Od8Dw_Sj80qGVD_Cj3orJr7KLs-tPNOk6dvw&oe=6AACF006""]"
895d8ce4bac9a4e1f113d52d030f44d25499e396aed0df3423f2b371437cd2cf,,,,,https://www.instagram.com/p/DdFcBxsRqRO/,DdFcBxsRqRO,rafaelpuerta__,2026-09-09T23:44:37.000Z,"QUINTA ESPECIAL COM RODA DE MILONGA NA BUGIO TRINDADE

A Roda de Milonga recebe as cantoras @ananegrellooficial e @marisa.saenz_cantora.surera para uma noite de muita música e confraternização.

Time da noite: 
@arthurboscato , @benjaminciprian , @cantadavidtoledo , @marluspereira , @rogercorreamusic .

Quinta 10 de setembro
Bar abre as 17h | Milongas as 20h 
Contribuição sugerida: R$ 30

Informações de acessibilidade e ambiente:
Espaço acessível para pessoas cadeirantes
Cardápio acessível com vídeo em LIBRAS
EVENTO COLABORATIVO! APOIAR OS MILONGUEIROS? GOSTOSO DEMAIS!

#musica #milonga #reels #folclore #florianopolis",Video,"[""https://scontent-yyz1-1.cdninstagram.com/v/t51.82787-15/802031174_18627351859057916_7007518338177097654_n.jpg?stp=dst-jpg_e15_tt6&_nc_cat=110&ig_cache_key=Mzk4MjcxMjcxMjg1NzAzNTg1NDE4NjI3MzUxODUzMDU3OTE2.3-ccb7-5&ccb=7-5&_nc_sid=58cdad&efg=eyJ2ZW5jb2RlX3RhZyI6IkNMSVBTLnhwaWRzLjcyMC5zZHIudmlkZW9fZGVmYXVsdF9jb3Zlcl9mcmFtZS5DMyJ9&_nc_ohc=MqQZ_PTYHTwQ7kNvwHYubDS&_nc_oc=AdrUJ96_60JogZKhbBIPv_Q2Sxx71dWOZ7q2aFK6uKzxZ8dVRKZT8wuTpOrbVT41y9g&_nc_ad=z-m&_nc_cid=0&_nc_zt=23&_nc_ht=scontent-yyz1-1.cdninstagram.com&_nc_gid=xefaFeUUNmyGEAcdRy6uWQ&_nc_ss=7a22e&oh=00_AQIfdQvAJxyU4dDCelSRuG_c9ZSwP2P8VPGD3doJOPoXVw&oe=6AACF885""]"
7dcb9d03f0772055928f68b7be64053d82335dce62b0a063b40c5b17f5a30ca8,,,,,https://www.instagram.com/p/DdFWtJ4mWw5/,DdFWtJ4mWw5,desviaprodutora,2026-09-09T22:39:44.000Z,"É ESSA SEXTA NO @oaracabotequim !!!!!

@musikluber & @pedrobienemann chegam com tudo na ilha em uma parada da sua microtour: vai ter violão, piano, vozes, pedais, synths e tudo de bom com esses dois artistas gigantes!

pra preparar vocês, aqui vai um pouquinho mais sobre os dois e um gostinho do que vão trazer pro show de sexta.

ingressos antecipados disponíveis no sympla ❤️‍🔥",Sidecar,"[""https://scontent-sjc6-1.cdninstagram.com/v/t51.82787-15/801284320_17881559808622100_7316420572762634905_n.jpg?stp=dst-jpg_e35_tt6&_nc_cat=102&ig_cache_key=Mzk4MjY4NzUxMDM5NTY2NDk2Mg%3D%3D.3-ccb7-5&ccb=7-5&_nc_sid=58cdad&efg=eyJ2ZW5jb2RlX3RhZyI6IkNBUk9VU0VMX0lURU0ueHBpZHMuMTEyMi5zZHIucmVndWxhcl9waG90by5DMyJ9&_nc_ohc=AfVDs4MtC4AQ7kNvwGpTUDe&_nc_oc=AdrO4I_7rfuFdgzohP9TeDGSH9IBZDMwv9JGoGeeH6O9nVZqZCLe5TuEFiqFxlfXuS1BAKGcQGSoOmAtuNBZnoGg&_nc_ad=z-m&_nc_cid=0&_nc_zt=23&_nc_ht=scontent-sjc6-1.cdninstagram.com&_nc_gid=KQM9VSUKqWkXDWbqRrMZNw&_nc_ss=7a22e&oh=00_AQJtgxxa3Tro2CegEoi-5qultlnO7H34NquVnp9eEqaoTQ&oe=6AACDEDD"", ""https://scontent-sjc6-1.cdninstagram.com/v/t51.82787-15/802030038_17881559841622100_1171685551071497599_n.jpg?stp=dst-jpg_e35_tt6&_nc_cat=100&ig_cache_key=Mzk4MjY4NzUxNjM2ODI2NDU1Nw%3D%3D.3-ccb7-5&ccb=7-5&_nc_sid=58cdad&efg=eyJ2ZW5jb2RlX3RhZyI6IkNBUk9VU0VMX0lURU0ueHBpZHMuMTEyMi5zZHIucmVndWxhcl9waG90by5DMyJ9&_nc_ohc=7O3rBxrT7ecQ7kNvwFWi-Pl&_nc_oc=Adpc3B0O9Iccgg0GdBQteApF2tHSpsZuml_kZcxrxNXIw56z4NV2VCyW0HcU9229dYCmSpGMV8aY8VazbERHm4O1&_nc_ad=z-m&_nc_cid=0&_nc_zt=23&_nc_ht=scontent-sjc6-1.cdninstagram.com&_nc_gid=KQM9VSUKqWkXDWbqRrMZNw&_nc_ss=7a22e&oh=00_AQKlpyL9BloStG6Gz0rDNl9SEDmOtjTn8ybPvTv9Fa3IzA&oe=6AACE997"", ""https://scontent-sjc3-1.cdninstagram.com/v/t51.82787-15/802223783_17881559916622100_8674739263714275901_n.jpg?stp=dst-jpg_e15_tt6&_nc_cat=103&ig_cache_key=Mzk4MjY4NzU1NzM3MjE3NDg5OA%3D%3D.3-ccb7-5&ccb=7-5&_nc_sid=58cdad&efg=eyJ2ZW5jb2RlX3RhZyI6IkNBUk9VU0VMX0lURU0ueHBpZHMuNzIwLnNkci52aWRlb19kZWZhdWx0X2NvdmVyX2ZyYW1lLkMzIn0%3D&_nc_ohc=gfe06qO7M9kQ7kNvwEZ3PaQ&_nc_oc=Ado3FQ4_O8T42j2LxTuCcl6Bc5676Tq_2pzqfTHLRrxoaCDplAiZX7bIqrxplpcKdVfiMiaXQrWAIT7SBU1UQrON&_nc_ad=z-m&_nc_cid=0&_nc_zt=23&_nc_ht=scontent-sjc3-1.cdninstagram.com&_nc_gid=KQM9VSUKqWkXDWbqRrMZNw&_nc_ss=7a22e&oh=00_AQIDMg8IRyKMXlq6NqDkQddsDGvevJOVEibS4TfKSN0uzg&oe=6AACE72B"", ""https://scontent-sjc3-1.cdninstagram.com/v/t51.82787-15/801284314_17881559826622100_1042985234995474608_n.jpg?stp=dst-jpg_e35_tt6&_nc_cat=106&ig_cache_key=Mzk4MjY4NzUxNjUzNjAzMTM5Ng%3D%3D.3-ccb7-5&ccb=7-5&_nc_sid=58cdad&efg=eyJ2ZW5jb2RlX3RhZyI6IkNBUk9VU0VMX0lURU0ueHBpZHMuMTEyMi5zZHIucmVndWxhcl9waG90by5DMyJ9&_nc_ohc=va6G2okzq6EQ7kNvwGtnQrI&_nc_oc=AdrNP0jBrLQXyFX8oJ-4uCy7CN0yx4j43meQHtprMAg4pzxS6tkydPWYK3EBoPM9dW95pHAS1KaATmN74jI4Mh_R&_nc_ad=z-m&_nc_cid=0&_nc_zt=23&_nc_ht=scontent-sjc3-1.cdninstagram.com&_nc_gid=KQM9VSUKqWkXDWbqRrMZNw&_nc_ss=7a22e&oh=00_AQJMklbKf6QtBhv9Mc_X09eaiR3m3urotmypWkdCd4i_6w&oe=6AACE244"", ""https://scontent-sjc6-1.cdninstagram.com/v/t51.82787-15/800066332_17881559904622100_4208987229594630183_n.jpg?stp=dst-jpg_e15_tt6&_nc_cat=109&ig_cache_key=Mzk4MjY4NzU5Mjg3MzA2NTg4MA%3D%3D.3-ccb7-5&ccb=7-5&_nc_sid=58cdad&efg=eyJ2ZW5jb2RlX3RhZyI6IkNBUk9VU0VMX0lURU0ueHBpZHMuNzIwLnNkci52aWRlb19kZWZhdWx0X2NvdmVyX2ZyYW1lLkMzIn0%3D&_nc_ohc=biSu1iuc-cQQ7kNvwGA_izc&_nc_oc=Adp1UxEP7AOwb9QlmIbmdPSu4tauOo3B0cGkdHaBj5km5sDb0jxkhppkNnMFsDk2uz3dXMv5aR7WVNA-hdr2cLAb&_nc_ad=z-m&_nc_cid=0&_nc_zt=23&_nc_ht=scontent-sjc6-1.cdninstagram.com&_nc_gid=KQM9VSUKqWkXDWbqRrMZNw&_nc_ss=7a22e&oh=00_AQLOqb7SFWSECAuWYFnAzcZaz6njmNu1oUwXT6nm3vwhRQ&oe=6AAD0FB2"", ""https://scontent-sjc6-1.cdninstagram.com/v/t51.82787-15/801882115_17881559817622100_7045103334048180989_n.jpg?stp=dst-jpg_e35_tt6&_nc_cat=108&ig_cache_key=Mzk4MjY4NzUxNjgxNjM1MTk2OQ%3D%3D.3-ccb7-5&ccb=7-5&_nc_sid=58cdad&efg=eyJ2ZW5jb2RlX3RhZyI6IkNBUk9VU0VMX0lURU0ueHBpZHMuMTEyMi5zZHIucmVndWxhcl9waG90by5DMyJ9&_nc_ohc=uYFu8nhL2ogQ7kNvwEarYr1&_nc_oc=AdpFZgENN79xOygu93rv33rZ7pG2KWkCX53uUn9fShUrsO6nJ1GyVibzeifkTTDo70B54ed7AEZajCxVt_FaY8fe&_nc_ad=z-m&_nc_cid=0&_nc_zt=23&_nc_ht=scontent-sjc6-1.cdninstagram.com&_nc_gid=KQM9VSUKqWkXDWbqRrMZNw&_nc_ss=7a22e&oh=00_AQKbryfvhSN4wfn4s_oHXOcTVUSSv8VaNvOa9hijvt4pLA&oe=6AACE470"", ""https://www.instagram.com/p/DdFWTCEhLpC/"", ""https://www.instagram.com/p/DdFWTHog11t/"", ""https://www.instagram.com/p/DdFWTt0iWIy/"", ""https://www.instagram.com/p/DdFWTHyg0ik/"", ""https://www.instagram.com/p/DdFWUO4jf2Y/"", ""https://www.instagram.com/p/DdFWTIDOKLh/""]"
c660f61f3e026387a9b30f785741acf53fb4d8ea646732745551b56c2562e67b,,,,,https://www.instagram.com/p/DdFLZ90BFdf/,DdFLZ90BFdf,fundacaoculturalbadesc,2026-09-09T21:00:18.000Z,"A Fundação realiza o projeto Sábado Cultural, que amplia o horário de visitação até o dia 14 de novembro.

No dia 12 de setembro, será promovida a Oficina de Mini Livro dos Mundos Extraordinários. Ministrada por Pati Peccin, a atividade gratuita vai começar a partir das 13h30 e todo o material será fornecido pela Fundação. Não é necessário fazer inscrição prévia, as 20 vagas serão definidas por ordem de chegada e a classificação é livre.

Nesse mesmo dia, das 10h às 16h, será possível visitar as mostras: “O Cordão e o Pedúnculo”, de Maria Luiza Mazzetto; “outros tipos de palavras”, de Guilherme Bruschi; “O Jardim também sonha”, de Clara Fernandes; e “Ressonâncias do Gesto”, de Lena Peixer.

#FundaçãoCulturalBadesc #Florianópolis #SábadoCultural #ArtesVisuais #Cultura",Video,"[""https://scontent-ams2-1.cdninstagram.com/v/t51.82787-15/801882106_18328646302277782_7214201580796467522_n.jpg?stp=dst-jpg_e15_tt6&_nc_cat=108&ig_cache_key=Mzk4MjYzOTYwODM0ODU2MzI5NTE4MzI4NjQ2Mjk2Mjc3Nzgy.3-ccb7-5&ccb=7-5&_nc_sid=58cdad&efg=eyJ2ZW5jb2RlX3RhZyI6IkNMSVBTLnhwaWRzLjExNzAuc2RyLnZpZGVvX2RlZmF1bHRfY292ZXJfZnJhbWUuQzMifQ%3D%3D&_nc_ohc=UdYWtR_r5VAQ7kNvwE--OTX&_nc_oc=AdrwAfCj7EgU6UFMc5hniSTtQGb0Ma8VbZewBoCIfoyHJQv16_qdGHr90hnHpgWFRgApo5wyZgmxovRcoFlSm0LX&_nc_ad=z-m&_nc_cid=0&_nc_zt=23&_nc_ht=scontent-ams2-1.cdninstagram.com&_nc_gid=nk-JqYcn3CoIEx8oau6okw&_nc_ss=7a22e&oh=00_AQJid3ybLpgdMDv8T8ld-7luVK4mLRKKdN-sWjPH_7XQNw&oe=6AACFD1F""]"
3ad8b812f13b667803179f6f656bd623b5b6d8f45051abf1d3f42b8e67f9eb91,,,,,https://www.instagram.com/p/DdFHq3Dgc26/,DdFHq3Dgc26,bugiocentro,2026-09-09T20:28:24.000Z,"DOMINGO SAMBA DO LARGO RECEBE VERÔNICA KIMURA! 🫘🥁✨

Com o bar abrindo ás 11h30 servindo a tradicional feijoada da Bugio, vai ser mais um domingo daqueles com a banda de samba mais querida da cidade: o SAMBA DO LARGO. Nessa semana recebendo a maravilhosa Verônica Kimura aqui no Largo da Antonieta!
A roda acontece das 13h às 16h30 com aquele repertório gostoso que mescla músicas autorais com sambas consagrados.

EVENTO COLABORATIVO! VALORIZE OS ARTISTAS QUE FAZEM O SEU ROLÊ!",Image,"[""https://scontent-icn2-1.cdninstagram.com/v/t51.82787-15/802223783_18474312904115878_4016662029090323658_n.heic?stp=dst-jpg_e35_tt6&_nc_cat=103&ig_cache_key=Mzk4MjYyMzE3NzEzNzMxMTE2Mg%3D%3D.3-ccb7-5&ccb=7-5&_nc_sid=58cdad&efg=eyJ2ZW5jb2RlX3RhZyI6IkZFRUQueHBpZHMuMTQ0MC5zZHIucmVndWxhcl9waG90by5DMyJ9&_nc_ohc=r7uuqbe9O2EQ7kNvwFfmNFC&_nc_oc=AdoxPBJhkrbD0ah_xVPOv29we9yucjnnm8XM14BSXNJnJ4ioZ8p5kg1P1XY4QNoj8ss&_nc_ad=z-m&_nc_cid=0&_nc_zt=23&_nc_ht=scontent-icn2-1.cdninstagram.com&_nc_gid=IZF_5_dZNCkCD7BoBx-hxg&_nc_ss=7a22e&oh=00_AQLY8QVKYtuEbp5bUiPyo_VgNBnxB4st1rwOX29BGCCXkQ&oe=6AACEF5E""]"
d4453b9a31d6dcc8b83bfb8a051300f039c8e15dafd47e705484d66987787f86,,,,,https://www.instagram.com/p/DdFGZW6zxav/,DdFGZW6zxav,bugiotrindade,2026-09-09T20:17:17.000Z,"SEXTAMOS COM GEOSAMBA!! 🎵

Em 2018 nos corredores da Geografia da UFSC estudantes decidiram ocupar culturalmente os espaços universitários com muito samba! O Geosamba virou um movimento que conquistou corações e palcos, espalhando alegria por todos os cantos!

Chame a galera toda: amigos, família, paqueras... O samba é universal e o Geosamba tem o dom especial de transformar qualquer sexta comum numa festa épica que fica na memória, quem sabe, sabe!

Sexta | 11 de Setembro 
Bar abre às 17h | Samba as 20h
Contribuição sugerida: R$ 20

Informações de acessibilidade e ambiente:

Espaço acessível para pessoas cadeirantes

Música ao vivo com volume alto

Cardápio acessível com vídeo em LIBRAS

EVENTO COLABORATIVO! SAMBAR, AMAR E APOIAR OS ARTISTAS NA BUGIO? GOSTOSO DEMAIS!",Image,"[""https://instagram.fcpq7-1.fna.fbcdn.net/v/t51.82787-15/801755688_18018748721923638_118781052017302733_n.heic?stp=dst-jpg_e35_tt6&_nc_cat=104&ig_cache_key=Mzk4MjYxNzU3NjM1NDAyNzE4Mw%3D%3D.3-ccb7-5&ccb=7-5&_nc_sid=58cdad&efg=eyJ2ZW5jb2RlX3RhZyI6IkZFRUQueHBpZHMuMTQ0MC5zZHIucmVndWxhcl9waG90by5DMyJ9&_nc_ohc=uCeT_dgk11UQ7kNvwHpSnTB&_nc_oc=AdrHjsuMRUwcz3T0QdDUTQ5QZea4l29f_MPV0Gx1rWLgIPdYp0sQJV2vKA3GZ8zHpDw&_nc_ad=z-m&_nc_cid=1138&_nc_zt=23&_nc_ht=instagram.fcpq7-1.fna&_nc_gid=wKeoR1Pr6Y3ThqFy0-oGTA&_nc_ss=7a22e&oh=00_AQI1vf1aW0gzyCspaxoYcvbRKlQfxMCHeLmo-GEk9b78DQ&oe=6AAD0684""]"
4ee3075371f5e02cb7d78375625cc831ad74de606bafc96236d2fcdfc2d5ffa5,,,,,https://www.instagram.com/p/DdEqB8jjul_/,DdEqB8jjul_,fundacaoculturalbadesc,2026-09-09T16:09:21.000Z,"VAGAS ESGOTADAS

Finalizando o Ciclo de Oficinas 2026, a Fundação realiza a segunda turma da oficina “Introdução à Aquarela”, ministrada por Gabriela Luft. A prática acontece em dois encontros, nos dias 22 e 24 de setembro, das 14h às 17h.

Durante a oficina, Gabriela apresentará os materiais utilizados na pintura e abordará técnicas básicas, criação de texturas e círculos de cores. Os participantes também irão produzir uma ilustração de nível simples, colocando em prática os conteúdos apresentados. Num dos encontros, a atividade será dedicada à pintura plein-air, realizada ao ar livre.

Público-alvo: artistas, estudantes, designers, ilustradores e entusiastas sem conhecimento ou com conhecimento básico da técnica. A partir de 14 anos.

As inscrições são gratuitas, porém limitadas e podem ser realizadas através do link na bio ou no site da Fundação.

*Publicação com texto alternativo.

#FundaçãoCulturalBadesc #Florianópolis #ArtesVisuais #ParaTodosVerem #Oficina",Sidecar,"[""https://instagram.fvce1-1.fna.fbcdn.net/v/t51.82787-15/801582930_18328616830277782_8658820114883937248_n.jpg?stp=dst-jpg_e35_tt6&_nc_cat=102&ig_cache_key=Mzk4MjQ5MjA1NTA5NDU5MzYzNw%3D%3D.3-ccb7-5&ccb=7-5&_nc_sid=58cdad&efg=eyJ2ZW5jb2RlX3RhZyI6IkNBUk9VU0VMX0lURU0ueHBpZHMuMTA4MC5zZHIucmVndWxhcl9waG90by5DMyJ9&_nc_ohc=D2_W2Volj4QQ7kNvwEGezXN&_nc_oc=AdrbXiIGG70MuxfV5U2-3jC7IMsxvjyZP0_8Jsch8j2aJif08JFddgmsFNQ38sQ4_mQ&_nc_ad=z-m&_nc_cid=0&_nc_zt=23&_nc_ht=instagram.fvce1-1.fna&_nc_gid=A9FFoTimxcFknnwmoVspMA&_nc_ss=7a22e&oh=00_AQJ0ZRF2ZInoQBTvCtucGVdlOIDfPD-uZ-hTR11gjMXOiA&oe=6AAD1698"", ""https://instagram.fvce1-1.fna.fbcdn.net/v/t51.82787-15/801582922_18328616839277782_2986906438668912366_n.jpg?stp=dst-jpg_e35_tt6&_nc_cat=110&ig_cache_key=Mzk4MjQ5MjA1NTUzMDg0Mzg2NQ%3D%3D.3-ccb7-5&ccb=7-5&_nc_sid=58cdad&efg=eyJ2ZW5jb2RlX3RhZyI6IkNBUk9VU0VMX0lURU0ueHBpZHMuMTA4MC5zZHIucmVndWxhcl9waG90by5DMyJ9&_nc_ohc=PBiWDczrd9QQ7kNvwEFUNd7&_nc_oc=Adqnt27EHDl4_gXGi-qc6_KfqY_CNSddU8I_MeHhyKnsR-QHv9vysgaH5ornVIRUiC0&_nc_ad=z-m&_nc_cid=0&_nc_zt=23&_nc_ht=instagram.fvce1-1.fna&_nc_gid=A9FFoTimxcFknnwmoVspMA&_nc_ss=7a22e&oh=00_AQLhPJUaMNaWcZ0gX8hjJkhOPenUlRC4vJCg8cyMVtAIxQ&oe=6AAD13AD"", ""https://instagram.fvce1-1.fna.fbcdn.net/v/t51.82787-15/801284320_18328616833277782_6048232829473379055_n.jpg?stp=dst-jpg_e35_tt6&_nc_cat=100&ig_cache_key=Mzk4MjQ5MjA1NjAxNzMzODkwMA%3D%3D.3-ccb7-5&ccb=7-5&_nc_sid=58cdad&efg=eyJ2ZW5jb2RlX3RhZyI6IkNBUk9VU0VMX0lURU0ueHBpZHMuMTA4MC5zZHIucmVndWxhcl9waG90by5DMyJ9&_nc_ohc=OQXOJY9fyMwQ7kNvwHa3yze&_nc_oc=AdqOoEGkyN6v0SYDzURhmRxRfkTuDb_CIeNJazUn7eDPZJOLzwBGe4jT40B2eHKXJMU&_nc_ad=z-m&_nc_cid=0&_nc_zt=23&_nc_ht=instagram.fvce1-1.fna&_nc_gid=A9FFoTimxcFknnwmoVspMA&_nc_ss=7a22e&oh=00_AQIp6Z3hqPr0tmfHPf6j9uBRTuI4_keayjnt_PUQxdo3Gw&oe=6AACFD70"", ""https://www.instagram.com/p/DdEp2yIuohl/"", ""https://www.instagram.com/p/DdEp2yiuy7Z/"", ""https://www.instagram.com/p/DdEp2y_uoIU/""]"
57a9d2b27f734a0cc993b1259d00eb010ac58630841f97954cefbd14f3ce372c,,,,,https://www.instagram.com/p/DdEh34eM-wJ/,DdEh34eM-wJ,bugiocentro,2026-09-09T14:58:07.000Z,"O SAMBA MAIS CLÁSSICO DE FLORIPA RECEBE DOIS CONVIDADOS NESSE SÁBADO! 🎤🥁❤️
O Samba da Antonieta nesse sábado recebe duas visitas ilustres! Quem chega para se somar a roda de Samba mais clássica de Floripa são os queridíssimos Dú Kadência e Jú queiróz! Prepare o coração para uma tarde e noite de clássicos aqui no Largo da Antonieta! 💃🍻
Sábado, 17h | Evento Colaborativo | Abertura do bar com feijoada, 11h30",Image,"[""https://scontent-waw2-2.cdninstagram.com/v/t51.82787-15/801457050_18474259702115878_3873155466998823716_n.heic?stp=dst-jpg_e35_tt6&_nc_cat=105&ig_cache_key=Mzk4MjQ1Njk0NjI0NDcwOTM4NQ%3D%3D.3-ccb7-5&ccb=7-5&_nc_sid=58cdad&efg=eyJ2ZW5jb2RlX3RhZyI6IkZFRUQueHBpZHMuMTQ0MC5zZHIucmVndWxhcl9waG90by5DMyJ9&_nc_ohc=FKpJobpcP-cQ7kNvwE7H5yk&_nc_oc=AdrSdw3lLOHcRZ9Th7upnP3phNJ-Z9OVThDqj4hVnBSk2jypRTiIEzxDYkMDuXDlCis&_nc_ad=z-m&_nc_cid=0&_nc_zt=23&_nc_ht=scontent-waw2-2.cdninstagram.com&_nc_gid=rq5RrIZTNyQYCaOQM06m-g&_nc_ss=7a22e&oh=00_AQK7ouDvf0vR05g3UDw9Scr297Gj9TakRcdIyAdOacp-vA&oe=6AAD01D5""]"
06d262ce996ad5757776f0d094e9af40a55d44a729e8f210cf7653c47c50ac6d,,,,,https://www.instagram.com/p/DdC6s7GBhTK/,DdC6s7GBhTK,bugiocentro,2026-09-09T00:00:53.000Z,"SEXTA VAMOS MADRUGADA A DENTRO COM A SHAKE! 👑💖✨ 

Os DJs Fabiani e Sttar chegam sextando com a festa feita pra quem transpira o mundo pop! É a SHAKE que vem ferver a pista com os clássicos, antigos e atuais, da cultura pop!
E nessa edição o repertório vem cremoso: DE MADONNA A MARINA SENA, vai ser hit global atrás de hit, em uma noite para celebrar a liberdade e a diversidade que só o pop proporciona. 

A entrada é gratuita para clientes! Compre seu drink ou chope e caia na pista sem medo e nem vergonha!",Video,"[""https://scontent-fra3-1.cdninstagram.com/v/t51.82787-15/801219947_18474156025115878_8124390036068708275_n.jpg?stp=dst-jpg_e15_tt6&_nc_cat=108&ig_cache_key=Mzk4MjAwMzE5NDM1NTM4OTY0MjE4NDc0MTU2MDE5MTE1ODc4.3-ccb7-5&ccb=7-5&_nc_sid=58cdad&efg=eyJ2ZW5jb2RlX3RhZyI6IkNMSVBTLnhwaWRzLjcyMC5zZHIudmlkZW9fZGVmYXVsdF9jb3Zlcl9mcmFtZS5DMyJ9&_nc_ohc=12MSTtQLlJkQ7kNvwHo6QqK&_nc_oc=AdrGDQo12u9N63JoqLwgVVTgEnbVGuD_AbQZDXAOiSPbm_kZomBgBPcmhKOCV7cJ4UU&_nc_ad=z-m&_nc_cid=0&_nc_zt=23&_nc_ht=scontent-fra3-1.cdninstagram.com&_nc_gid=xamxsirQ-qeJld8uX4j8Mg&_nc_ss=7a22e&oh=00_AQJSUbG9Mu8dApiiG897_j4BdPzy3CdGWTgr895ZdExDVw&oe=6AACF999""]"
81976e02973ecdc607bd3ff0473015aff88027ba976cb604720f7e1747c654fe,,,,,https://www.instagram.com/p/DdC4KCNMhcF/,DdC4KCNMhcF,bugiotrindade,2026-09-08T23:38:18.000Z,"THIAGO DI LUCA VEM COM FORRÓ DE MANÉZINHO 27/9

Depois do sucesso da primeira edição, em setembro o Forró para Crianças está de volta para animar a criançada da Ilha da Magia! A Bugio Trindade abre o espaço para receber a segunda edição do show Thiago Di Luca apresenta: Forró de Manezinho para crianças. Imperdível!

 O espetáculo Forró de Manezinho para crianças é uma apresentação musical brincante e interativa, baseada no repertório infantil brasileiro tocado em ritmo de forró, xote, xadado e baião!

 Prepare-se para brincar de Lagarta Comilona, Jacaré na Lagoa, Borboletinha e Capelinha de Melão, tudo ao som de sanfona, zabumba e triângulo. O show ainda reserva espaço para clássicos do forró do Brasil, pra que todas as famílias e crianças caiam juntas na dança!

 O show é conduzido pelo músico, educador e compositor Thiago Di Luca (vencedor do Prêmio Açorianos de Melhor Álbum Infantil 2020), que vem à cena acompanhado pelos músicos Rafael Martins (@rafamartinsmusica) , Ricardo Lagartixa (@lagartishow) e Catalina Delgado (@cdenota).

 Bora cair na dança e na brincadeira juntes?

 Realização: Bugio Trindade e Thiago Di Luca

 Produção executiva: Nathalie Soler (@nathalienoinsta)

Data: 27/09, domingo

Horário: 16h (abertura da casa as 15h)

Valor dos ingressos: 

Ingresso Individual: $70

1o lote Ingresso social 1kg de alimento (individual): $40

2o lote Ingresso social 1kg de alimento (individual): $50

Pacote família (3 ingressos): $100

Local: Bugio Trindade (Servidão Cristiano Vanderlei Faria, 25 - Trindade, Florianópolis)

CRIANÇAS A PARTIR DE 1 ANO PAGAM INGRESSO NORMAL.

 Onde comprar ingressos: no link da bio, ou pelo Sympla! 

#Crianças só poderão participar do evento acompanhadas pelos pais ou responsáveis (caso esteja acompanhada por um responsável, a criança precisa ter em mãos autorização dos pais com registro de firma ou assinatura digital). Visando a segurança e o controle do público, no dia do show cada criança receberá uma pulseira especial para participar da atividade. 

Conforme o ECA e a lei 15.234/2025, não serão comercializadas bebidas alcoólicas para menores de 18 anos de id",Image,"[""https://scontent-ams2-1.cdninstagram.com/v/t51.82787-15/801219931_18018623468923638_5540943341840814421_n.jpg?stp=dst-jpg_e35_tt6&_nc_cat=109&ig_cache_key=Mzk4MTk5MjAwMDcxNzE5OTEwOQ%3D%3D.3-ccb7-5&ccb=7-5&_nc_sid=58cdad&efg=eyJ2ZW5jb2RlX3RhZyI6IkZFRUQueHBpZHMuMTM1MC5zZHIucmVndWxhcl9waG90by5DMyJ9&_nc_ohc=PqrckO9TPkIQ7kNvwHPBBYR&_nc_oc=AdqFX-NfQzRckYeGIm4HIwyXMxEAXm1nV6u95OZWxdOdkC4FIa-sMsfk8wOBMGuZKaWRmxjXAXdQu2VwRdM5uMLG&_nc_ad=z-m&_nc_cid=0&_nc_zt=23&_nc_ht=scontent-ams2-1.cdninstagram.com&_nc_gid=rDPtVHPgRtQ84AG5wwEszw&_nc_ss=7a22e&oh=00_AQLOJWZc5afw25WnwpGj3mrY9ptUJTDOV6I2MNHxJWVmoQ&oe=6AAD04B7""]"
819bb726ac3237d5460d62109f39bde0bba4d2b41a4484c8bed0539a359edc00,,,,,https://www.instagram.com/p/DdCmfO4FBke/,DdCmfO4FBke,bugiocentro,2026-09-08T20:59:55.000Z,"CHEGOU A AGENDA DO CORAÇÃO DO TERRITÓRIO MAIS DEMOCRÁTICO DA CIDADE!

Confira a programação dos próximos dias na Bugio Centro! 

〰 TERÇA | 
20H | FORRÓ DE BASE DELAS
Primeiro uma aula de dança com a professora Baby, e depois com a Dj Tágua conduzindo o baile a partir das 21h! A terça é de Forró no nosso salão!

〰 QUARTA |
19H | LA POMPETTE NO LARGO🔸
O jazz manouche do La Pompette volta pro Largo da Antonieta!

〰 QUINTA | 
19H | BAR ABERTO

〰 SEXTA
22H30 | SHAKE - FABIANI + STTAR
Os DJs Fabiani e Sttar trazem a festa que mistura a cultura pop e entrega uma pista de dança cremosa do início ao fim! | Gratuito para clientes

〰️ SÁBADOS DA BUGIO
11H30 | ABERTURA DO BAR
Com a melhor Feijoada do Centro Leste, garantimos o seu almoço de Sábado até ás 17h!

14H | CHORO MULHERIL🔸
A maior roda de mulheres no choro do país acontece todos os sábados aqui na rua Victor Meirelles! 

17H30 | SAMBA DA ANTONIETA CONVIDA JÚ QUEIRÓZ E DU KADÊNCIA🔸
A roda de samba mais clássica de Floripa nunca falha e todo sábado chega com muita brasilidade na Victor Meirelles!

23H | OS GÊMEOS DO BAILE 
O sábado a noite com Os Gêmeos mais queridos da cidade no coração do Centro Leste! | Antecipados no link da bio!

〰️ DOMINGO
09H30 | Abertura do bar
Com a visita do melhor presidente que esse país já teve, a nossa programação para esse domingo será muito especial! Vai ser um dia com atrações queridas, daquele jeito que amamos!

🔸= Eventos Colaborativos! Valorize os artistas!",Sidecar,"[""https://instagram.fmlm4-1.fna.fbcdn.net/v/t51.82787-15/800514417_18474137782115878_1576852022239977308_n.heic?stp=dst-jpg_e35_tt6&_nc_cat=105&ig_cache_key=Mzk4MTkxNDIyNTMwMTk2NDQwMg%3D%3D.3-ccb7-5&ccb=7-5&_nc_sid=58cdad&efg=eyJ2ZW5jb2RlX3RhZyI6IkNBUk9VU0VMX0lURU0ueHBpZHMuMTQ0MC5zZHIucmVndWxhcl9waG90by5DMyJ9&_nc_ohc=XURNHuiUtR0Q7kNvwH9dSSc&_nc_oc=Adp9A3yz9G0xmfVb8_QH3rLnw1avCtAyQeQpdA8KQ8vGiOFWfJ9W_0gEPWjug6tYHFg&_nc_ad=z-m&_nc_cid=0&_nc_zt=23&_nc_ht=instagram.fmlm4-1.fna&_nc_gid=TcHc6AHk1cR6e3NX0D3XaA&_nc_ss=7a22e&oh=00_AQJoVtXBESbLFgaYG7VBUPC0wQTILV0xFBnMoS4_6KXMiA&oe=6AACE4FA"", ""https://instagram.fmlm4-1.fna.fbcdn.net/v/t51.82787-15/798489365_18474137809115878_4669164258797523698_n.heic?stp=dst-jpg_e35_tt6&_nc_cat=104&ig_cache_key=Mzk4MTkxNDIyNzIwMzIyOTQ2MA%3D%3D.3-ccb7-5&ccb=7-5&_nc_sid=58cdad&efg=eyJ2ZW5jb2RlX3RhZyI6IkNBUk9VU0VMX0lURU0ueHBpZHMuMTQ0MC5zZHIucmVndWxhcl9waG90by5DMyJ9&_nc_ohc=UpHnngkT3YwQ7kNvwG3eBjh&_nc_oc=Adq6t_Iaeg5oXaDv2zk3BgJWc-EukY-J1woDVb2olkTxR_vh9g2CUgkJi8WkPf3F184&_nc_ad=z-m&_nc_cid=0&_nc_zt=23&_nc_ht=instagram.fmlm4-1.fna&_nc_gid=TcHc6AHk1cR6e3NX0D3XaA&_nc_ss=7a22e&oh=00_AQIJvxr8IEY3OxKpuEyMYbk94I-E8UpQP0zyeCM8YHW7Bg&oe=6AAD0B9D"", ""https://instagram.fmlm4-1.fna.fbcdn.net/v/t51.82787-15/800604249_18474137794115878_5113888576233494765_n.heic?stp=dst-jpg_e35_tt6&_nc_cat=110&ig_cache_key=Mzk4MTkxNDIyNTYyNjE5OTQyNA%3D%3D.3-ccb7-5&ccb=7-5&_nc_sid=58cdad&efg=eyJ2ZW5jb2RlX3RhZyI6IkNBUk9VU0VMX0lURU0ueHBpZHMuMTQ0MC5zZHIucmVndWxhcl9waG90by5DMyJ9&_nc_ohc=lXg12r4g9jUQ7kNvwE6WX7P&_nc_oc=Ado0ZUY-ASp5dpaueJpJiJuau-ZYm3GT_msDW3XnJyQDqoAEPfm-_BC4mRsgP-E626M&_nc_ad=z-m&_nc_cid=0&_nc_zt=23&_nc_ht=instagram.fmlm4-1.fna&_nc_gid=TcHc6AHk1cR6e3NX0D3XaA&_nc_ss=7a22e&oh=00_AQIe7RkNhQWgPK4cGnwY32oLKb-ZENUPiVZypow7teCi3g&oe=6AAD0AE0"", ""https://instagram.fmlm4-1.fna.fbcdn.net/v/t51.82787-15/801101471_18474137833115878_3887407370295524039_n.heic?stp=dst-jpg_e35_tt6&_nc_cat=109&ig_cache_key=Mzk4MTkxNDIzNTkzMDUzODE0OQ%3D%3D.3-ccb7-5&ccb=7-5&_nc_sid=58cdad&efg=eyJ2ZW5jb2RlX3RhZyI6IkNBUk9VU0VMX0lURU0ueHBpZHMuMTQ0MC5zZHIucmVndWxhcl9waG90by5DMyJ9&_nc_ohc=bTnUkd1Jn8sQ7kNvwEp7ZRG&_nc_oc=AdpZZy3f61CJEp5VIgOv6G4Nr4ZXtW1NjaWJ9_Zmq7wohccES69g0XxIMZvqSekJLI4&_nc_ad=z-m&_nc_cid=0&_nc_zt=23&_nc_ht=instagram.fmlm4-1.fna&_nc_gid=TcHc6AHk1cR6e3NX0D3XaA&_nc_ss=7a22e&oh=00_AQJidutoqrUXZ2PW-dQFa5oA79-TTxHmHCwSvui5s51muw&oe=6AAD0AC5"", ""https://instagram.fmlm4-1.fna.fbcdn.net/v/t51.82787-15/800862014_18474137842115878_5442898635232128717_n.heic?stp=dst-jpg_e35_tt6&_nc_cat=109&ig_cache_key=Mzk4MTkxNDIzNDgyODU5MzU1MA%3D%3D.3-ccb7-5&ccb=7-5&_nc_sid=58cdad&efg=eyJ2ZW5jb2RlX3RhZyI6IkNBUk9VU0VMX0lURU0ueHBpZHMuMTQ0MC5zZHIucmVndWxhcl9waG90by5DMyJ9&_nc_ohc=1EZAiBf9OXcQ7kNvwHuZAEz&_nc_oc=AdptVLGtCKbJ5txFbnldDrm5JkE7BPqh6pf_YBNmNCD-QhlfkyGl80jzIPhoDawAdnI&_nc_ad=z-m&_nc_cid=0&_nc_zt=23&_nc_ht=instagram.fmlm4-1.fna&_nc_gid=TcHc6AHk1cR6e3NX0D3XaA&_nc_ss=7a22e&oh=00_AQJu3TcYGyQuSDgWfQcctsRnG3-BP_EE78LHX9AMq_NavA&oe=6AAD1284"", ""https://instagram.fmlm4-1.fna.fbcdn.net/v/t51.82787-15/801008802_18474137872115878_1111709349740572092_n.heic?stp=dst-jpg_e35_tt6&_nc_cat=105&ig_cache_key=Mzk4MTkxNDI0NTkxMjY2MjE2Nw%3D%3D.3-ccb7-5&ccb=7-5&_nc_sid=58cdad&efg=eyJ2ZW5jb2RlX3RhZyI6IkNBUk9VU0VMX0lURU0ueHBpZHMuMTQ0MC5zZHIucmVndWxhcl9waG90by5DMyJ9&_nc_ohc=yx_mTZ4rALAQ7kNvwHFCpfE&_nc_oc=AdrSjUixawejR_bzxZ2kOvbxwibPO0UVtzbTGnyzuiBdIe29TyrNPN0K78nNxwipqjI&_nc_ad=z-m&_nc_cid=0&_nc_zt=23&_nc_ht=instagram.fmlm4-1.fna&_nc_gid=TcHc6AHk1cR6e3NX0D3XaA&_nc_ss=7a22e&oh=00_AQLdh2E9f5dCggYEheksfReVyCQyy6VdjFkR767JxQJsmg&oe=6AAD0A52"", ""https://instagram.fmlm4-1.fna.fbcdn.net/v/t51.82787-15/801045088_18474137851115878_5471621926266984047_n.heic?stp=dst-jpg_e35_tt6&_nc_cat=105&ig_cache_key=Mzk4MTkxNDI0MzAyNDIyMzc2NQ%3D%3D.3-ccb7-5&ccb=7-5&_nc_sid=58cdad&efg=eyJ2ZW5jb2RlX3RhZyI6IkNBUk9VU0VMX0lURU0ueHBpZHMuMTQ0MC5zZHIucmVndWxhcl9waG90by5DMyJ9&_nc_ohc=pQ_whbvXyEEQ7kNvwFLjRvF&_nc_oc=AdoPvV-10PWQAROSWJ-YdZyRea-1Q9soRZqPAYU6s0CKW6XBPMz7fOFmT_zS8avOtWY&_nc_ad=z-m&_nc_cid=0&_nc_zt=23&_nc_ht=instagram.fmlm4-1.fna&_nc_gid=TcHc6AHk1cR6e3NX0D3XaA&_nc_ss=7a22e&oh=00_AQKa5TmhoovRGM9g4Nb1PKKn_iehoiRowN1EudIFIkmIXA&oe=6AACEFB4"", ""https://instagram.fmlm4-1.fna.fbcdn.net/v/t51.82787-15/798539366_18474137893115878_3198509233309426466_n.heic?stp=dst-jpg_e35_tt6&_nc_cat=106&ig_cache_key=Mzk4MTkxNDI0NzM4MTU5MDg5MQ%3D%3D.3-ccb7-5&ccb=7-5&_nc_sid=58cdad&efg=eyJ2ZW5jb2RlX3RhZyI6IkNBUk9VU0VMX0lURU0ueHBpZHMuMTQ0MC5zZHIucmVndWxhcl9waG90by5DMyJ9&_nc_ohc=YCyDH41ZRLUQ7kNvwHmZhhZ&_nc_oc=AdrqniPUavpP5VaUPUXnP8cBsmBd78oyVEaV_blagtaEhs9_cY0rHTQZLgT0-7iORw8&_nc_ad=z-m&_nc_cid=0&_nc_zt=23&_nc_ht=instagram.fmlm4-1.fna&_nc_gid=TcHc6AHk1cR6e3NX0D3XaA&_nc_ss=7a22e&oh=00_AQIZ89BPgSTpdJIVkqNW-xTQlY6eC8X1QlK6oXyVXYT-2w&oe=6AACF4A1"", ""https://instagram.fmlm4-1.fna.fbcdn.net/v/t51.82787-15/800881897_18474137929115878_3475792065302103941_n.heic?stp=dst-jpg_e35_tt6&_nc_cat=106&ig_cache_key=Mzk4MTkxNDI1OTE0MzM0NjQyMw%3D%3D.3-ccb7-5&ccb=7-5&_nc_sid=58cdad&efg=eyJ2ZW5jb2RlX3RhZyI6IkNBUk9VU0VMX0lURU0ueHBpZHMuMTQ0MC5zZHIucmVndWxhcl9waG90by5DMyJ9&_nc_ohc=pQ5K2gP5dgMQ7kNvwEDkUe2&_nc_oc=AdpFKKOmC0GL4PzWrlM3ksaYkqeE0Adu-bLrzDu-FQTzBh4oz0z28iHvB0bakKweqFE&_nc_ad=z-m&_nc_cid=0&_nc_zt=23&_nc_ht=instagram.fmlm4-1.fna&_nc_gid=TcHc6AHk1cR6e3NX0D3XaA&_nc_ss=7a22e&oh=00_AQLdDte_i-p0F_0LtL9MohMULptdDQVv102DAUF39FkQrg&oe=6AACED9C"", ""https://instagram.fmlm4-1.fna.fbcdn.net/v/t51.82787-15/800780656_18474137944115878_552970227091164749_n.heic?stp=dst-jpg_e35_tt6&_nc_cat=111&ig_cache_key=Mzk4MTkxNDI1Nzk1MTIxMTg1OQ%3D%3D.3-ccb7-5&ccb=7-5&_nc_sid=58cdad&efg=eyJ2ZW5jb2RlX3RhZyI6IkNBUk9VU0VMX0lURU0ueHBpZHMuMTQ0MC5zZHIucmVndWxhcl9waG90by5DMyJ9&_nc_ohc=g0wRTjxA38UQ7kNvwHr52Ru&_nc_oc=AdrDfEv-4NXremJzxKd6ihfsKJiwNYLTmLJkgTZ9i1ouu41XBkZQCPhJG3UK8ZN7uiA&_nc_ad=z-m&_nc_cid=0&_nc_zt=23&_nc_ht=instagram.fmlm4-1.fna&_nc_gid=TcHc6AHk1cR6e3NX0D3XaA&_nc_ss=7a22e&oh=00_AQJ7CVH3P564H0m4xUoWJ0oPWlvmysLCEKf4zwvo-Gfo1w&oe=6AAD123F"", ""https://instagram.fmlm4-1.fna.fbcdn.net/v/t51.82787-15/799819107_18474137926115878_5304599104806629006_n.heic?stp=dst-jpg_e35_tt6&_nc_cat=100&ig_cache_key=Mzk4MTkxNDI1NTkxMzE3MTEyMw%3D%3D.3-ccb7-5&ccb=7-5&_nc_sid=58cdad&efg=eyJ2ZW5jb2RlX3RhZyI6IkNBUk9VU0VMX0lURU0ueHBpZHMuMTQ0MC5zZHIucmVndWxhcl9waG90by5DMyJ9&_nc_ohc=iBKyCKc65hEQ7kNvwFi5DHQ&_nc_oc=Ado6o_H2b-0bDQhs7-9XNW-JXIIfm_8AOMLTx5VRSLNkjj920hCP3sVPCpXiFD9lS40&_nc_ad=z-m&_nc_cid=0&_nc_zt=23&_nc_ht=instagram.fmlm4-1.fna&_nc_gid=TcHc6AHk1cR6e3NX0D3XaA&_nc_ss=7a22e&oh=00_AQKgNw5gZe9feIY6QIR8j8lHtgWgEH9U1KjxFJ5MaW7UAQ&oe=6AAD11C4"", ""https://instagram.fmlm4-1.fna.fbcdn.net/v/t51.82787-15/801219948_18474137911115878_2559433012041641269_n.heic?stp=dst-jpg_e35_tt6&_nc_cat=110&ig_cache_key=Mzk4MTkxNDI2MDMwNDc5MDk5MA%3D%3D.3-ccb7-5&ccb=7-5&_nc_sid=58cdad&efg=eyJ2ZW5jb2RlX3RhZyI6IkNBUk9VU0VMX0lURU0ueHBpZHMuMTQ0MC5zZHIucmVndWxhcl9waG90by5DMyJ9&_nc_ohc=Q6x_qXpkLncQ7kNvwFbkzZO&_nc_oc=AdrG7vd4vGJ-9c-DW4REz9e75LIcwrGRQmWL_U8cXmAq8Abv0P4T8-mWiM_z5ELp_ck&_nc_ad=z-m&_nc_cid=0&_nc_zt=23&_nc_ht=instagram.fmlm4-1.fna&_nc_gid=TcHc6AHk1cR6e3NX0D3XaA&_nc_ss=7a22e&oh=00_AQJdhcPQ0Rvh75-lk1gkjDRgn0pul92K3CHtW2Tg5eJ85w&oe=6AACF529"", ""https://www.instagram.com/p/DdCmeQNMsZy/"", ""https://www.instagram.com/p/DdCmeR-hccU/"", ""https://www.instagram.com/p/DdCmeQghjWA/"", ""https://www.instagram.com/p/DdCmeaGtfCl/"", ""https://www.instagram.com/p/DdCmeZFB5mO/"", ""https://www.instagram.com/p/DdCmejZsRCX/"", ""https://www.instagram.com/p/DdCmegthv4V/"", ""https://www.instagram.com/p/DdCmekxPyNr/"", ""https://www.instagram.com/p/DdCmevuTUj3/"", ""https://www.instagram.com/p/DdCmeunPsFT/"", ""https://www.instagram.com/p/DdCmestxLiz/"", ""https://www.instagram.com/p/DdCmewzh4XO/""]"
7f91cca4e1510973391a93255cad5151109330e58a5f62302b4c0d9ccfd8a202,,,,,https://www.instagram.com/p/DdCjHQZObMM/,DdCjHQZObMM,bugiotrindade,2026-09-08T20:32:25.000Z,"QUINTA ESPECIAL COM RODA DE MILONGA NA TRINDADE! ❤️🎶🧉

Diretamente do Planalto Serrano Rafa Puerta, cantor, compositor, instrumentista e milongueiro chega com um time de peso pra celebrar essa vertente da cultura tradicional brasileira!

O timaço de milongueiros é composto por Arthur Boscato, Benjamin Ciprián, David Toledo, Marlus Pereira e Carlos Vicione! E supresa da noite chega com as convidadíssimas cantautoras Marisa Saénz (Argentina) e Ana Negrello (Rio Grande do Sul)

Não vai ser só bonito, vai ser é divino!!!!

Quinta | 10 de setembro
Bar abre às 17h | Milongas as 20h
Contribuição sugerida: R$ 30

Informações de acessibilidade e ambiente:

Espaço acessível para pessoas cadeirantes

Cardápio acessível com vídeo em LIBRAS

EVENTO COLABORATIVO! APOIAR OS MILONGUEIROS? GOSTOSO DEMAIS!",Image,"[""https://scontent-nrt1-2.cdninstagram.com/v/t51.82787-15/800950239_18018611381923638_4483615283596600036_n.jpg?stp=dst-jpg_e35_tt6&_nc_cat=104&ig_cache_key=Mzk4MTg5OTQ1MDgxNjI0NjU0MA%3D%3D.3-ccb7-5&ccb=7-5&_nc_sid=58cdad&efg=eyJ2ZW5jb2RlX3RhZyI6IkZFRUQueHBpZHMuMTM1MC5zZHIucmVndWxhcl9waG90by5DMyJ9&_nc_ohc=IUtei-g5trEQ7kNvwHxnjaA&_nc_oc=Adr7CAk6vdT6XV-ywEaH45bGPZl8kExnFk684hMnCTkX3pBV1dI_oYS8H6CjdA-DG8Y&_nc_ad=z-m&_nc_cid=0&_nc_zt=23&_nc_ht=scontent-nrt1-2.cdninstagram.com&_nc_gid=AgfnSloADnS8FNbpvNoi0g&_nc_ss=7a22e&oh=00_AQI3P0fITBVSWoorTDCmoeThCgtkgT9NJt_RFbD_Q48YxA&oe=6AACE5EA""]"
f2103c7327391844311852d127911aeec22b70a32afe666eff1b4c40b8e1e9f8,,,,,https://www.instagram.com/p/DdCTF1ZEbNJ/,DdCTF1ZEbNJ,floripa.cultural,2026-09-08T18:10:26.000Z,"Destaques culturais 

Confira a nossa seleção de eventos dos próximos dias. Teatro, cinema, shows, circo e muito mais! Aproveite e compartilhe com quem gostaria de curtir também.",Sidecar,"[""https://scontent-gru1-2.cdninstagram.com/v/t51.82787-15/801354887_18041748440818712_3726810039286798254_n.jpg?stp=dst-jpg_e35_tt6&_nc_cat=103&ig_cache_key=Mzk4MTgyNjE3NjQ3NzA1MzM2NA%3D%3D.3-ccb7-5&ccb=7-5&_nc_sid=58cdad&efg=eyJ2ZW5jb2RlX3RhZyI6IkNBUk9VU0VMX0lURU0ueHBpZHMuOTYwLnNkci5yZWd1bGFyX3Bob3RvLkMzIn0%3D&_nc_ohc=hpnOv3svtaEQ7kNvwEZvbhK&_nc_oc=AdrZ-0Porqgy7stXqqaS63muWqoQkFvU0fm52qRSmo_d0xsGB3E0ItkCloNZzanwFIg&_nc_ad=z-m&_nc_cid=0&_nc_zt=23&_nc_ht=scontent-gru1-2.cdninstagram.com&_nc_gid=MtrclPEX5MjwbyA1-kadsA&_nc_ss=7a22e&oh=00_AQJYCwUHmSQU27ZHWvCKjrbZ_DOwe4VTKPOVGPg7ulDT_g&oe=6AACEA7C"", ""https://scontent-gru2-1.cdninstagram.com/v/t51.82787-15/801149540_18041748449818712_3024072383016769704_n.jpg?stp=dst-jpg_e35_tt6&_nc_cat=109&ig_cache_key=Mzk4MTgyNjE3NjIzMzgxMjU4Nw%3D%3D.3-ccb7-5&ccb=7-5&_nc_sid=58cdad&efg=eyJ2ZW5jb2RlX3RhZyI6IkNBUk9VU0VMX0lURU0ueHBpZHMuOTYwLnNkci5yZWd1bGFyX3Bob3RvLkMzIn0%3D&_nc_ohc=Oj3V-2bgPu0Q7kNvwEUsYmy&_nc_oc=AdodkpPkv7C6OsBtzeheeNvVi-k7q8WENdogtqZNwEXcpUrv03N4dOYOLOq8_EXbjSQ&_nc_ad=z-m&_nc_cid=0&_nc_zt=23&_nc_ht=scontent-gru2-1.cdninstagram.com&_nc_gid=MtrclPEX5MjwbyA1-kadsA&_nc_ss=7a22e&oh=00_AQLE6QhrOscAjxZ8Jm6Sx91fVdHPTw3ia5Ft7XoOw-c4kA&oe=6AAD0875"", ""https://scontent-gru1-1.cdninstagram.com/v/t51.82787-15/801009422_18041748479818712_7009458408940665665_n.jpg?stp=dst-jpg_e35_tt6&_nc_cat=101&ig_cache_key=Mzk4MTgyNjE4MjI5ODk2NjYzNA%3D%3D.3-ccb7-5&ccb=7-5&_nc_sid=58cdad&efg=eyJ2ZW5jb2RlX3RhZyI6IkNBUk9VU0VMX0lURU0ueHBpZHMuOTYwLnNkci5yZWd1bGFyX3Bob3RvLkMzIn0%3D&_nc_ohc=TJo0SNRhhhUQ7kNvwFN9f_7&_nc_oc=AdpeNNWA6Zqr01k7pOzhQh66DNnBESv03ZruLiYkCctBPlBhg2acKUIdDTbcM3TthCs&_nc_ad=z-m&_nc_cid=0&_nc_zt=23&_nc_ht=scontent-gru1-1.cdninstagram.com&_nc_gid=MtrclPEX5MjwbyA1-kadsA&_nc_ss=7a22e&oh=00_AQL5Mcdz7IBWgjPsHOFm0g8yojv4MMum-YOakxJftegn1w&oe=6AAD0BE0"", ""https://scontent-gru1-2.cdninstagram.com/v/t51.82787-15/800378008_18041748470818712_1081365472398892922_n.jpg?stp=dst-jpg_e35_tt6&_nc_cat=100&ig_cache_key=Mzk4MTgyNjE4NTI0MzIyMTg5Mw%3D%3D.3-ccb7-5&ccb=7-5&_nc_sid=58cdad&efg=eyJ2ZW5jb2RlX3RhZyI6IkNBUk9VU0VMX0lURU0ueHBpZHMuOTYwLnNkci5yZWd1bGFyX3Bob3RvLkMzIn0%3D&_nc_ohc=NMWXjA74fbwQ7kNvwFhowy7&_nc_oc=AdpTqmdETUAiPpaVsUT54Wk02nTviOCYWUf-guF0P5FwSzc3J6DM8XFVtwrGliHfR34&_nc_ad=z-m&_nc_cid=0&_nc_zt=23&_nc_ht=scontent-gru1-2.cdninstagram.com&_nc_gid=MtrclPEX5MjwbyA1-kadsA&_nc_ss=7a22e&oh=00_AQI5T81hnRRULwNIG4GReSlqTUxgIruNWrAWebNhsIei0A&oe=6AAD0A31"", ""https://scontent-gru2-2.cdninstagram.com/v/t51.82787-15/801128252_18041748503818712_7012200545821248391_n.jpg?stp=dst-jpg_e35_tt6&_nc_cat=102&ig_cache_key=Mzk4MTgyNjE4OTY0NzIxNTk0MQ%3D%3D.3-ccb7-5&ccb=7-5&_nc_sid=58cdad&efg=eyJ2ZW5jb2RlX3RhZyI6IkNBUk9VU0VMX0lURU0ueHBpZHMuOTYwLnNkci5yZWd1bGFyX3Bob3RvLkMzIn0%3D&_nc_ohc=0ign_mdiCgIQ7kNvwGfWGd0&_nc_oc=AdqfiZrbqsUK0bXvXRgRS_ZjgYbCm-1FDalcUVBhFsgnmDvtKgIULG2Kb6nDo8MJ9rQ&_nc_ad=z-m&_nc_cid=0&_nc_zt=23&_nc_ht=scontent-gru2-2.cdninstagram.com&_nc_gid=MtrclPEX5MjwbyA1-kadsA&_nc_ss=7a22e&oh=00_AQKF5K20HjAYL7KHIXHzZh8SIT0rGKhgGw2gJbW36fSvsg&oe=6AACE71E"", ""https://scontent-gru1-2.cdninstagram.com/v/t51.82787-15/801128257_18041748512818712_3740990791039783552_n.jpg?stp=dst-jpg_e35_tt6&_nc_cat=108&ig_cache_key=Mzk4MTgyNjE5MzgwNzk1NTUyOQ%3D%3D.3-ccb7-5&ccb=7-5&_nc_sid=58cdad&efg=eyJ2ZW5jb2RlX3RhZyI6IkNBUk9VU0VMX0lURU0ueHBpZHMuOTYwLnNkci5yZWd1bGFyX3Bob3RvLkMzIn0%3D&_nc_ohc=uGqxbm36FUMQ7kNvwHoKlwL&_nc_oc=AdpBiQzZEMN6kcfps7rZIQJY7w7OVvi2yukAYIFkZ8OcXg35RuhreajVfFlRAPbKFE8&_nc_ad=z-m&_nc_cid=0&_nc_zt=23&_nc_ht=scontent-gru1-2.cdninstagram.com&_nc_gid=MtrclPEX5MjwbyA1-kadsA&_nc_ss=7a22e&oh=00_AQJUeJv6jBpYATzZRx4VXZsj_CcjDSYnaz9mDabr23-wtw&oe=6AACEBC0"", ""https://scontent-gru1-2.cdninstagram.com/v/t51.82787-15/800115166_18041748542818712_6064023364830571125_n.jpg?stp=dst-jpg_e35_tt6&_nc_cat=103&ig_cache_key=Mzk4MTgyNjE5NzExMzAzMjQ2Mg%3D%3D.3-ccb7-5&ccb=7-5&_nc_sid=58cdad&efg=eyJ2ZW5jb2RlX3RhZyI6IkNBUk9VU0VMX0lURU0ueHBpZHMuOTYwLnNkci5yZWd1bGFyX3Bob3RvLkMzIn0%3D&_nc_ohc=8v5BIau8UPYQ7kNvwEldpuN&_nc_oc=AdoHlEji4khVAl9CMpHu2_F01GZbqNvdXYT7k7gko_p2FQfLanuKBnil1h2Nzq4DX0s&_nc_ad=z-m&_nc_cid=0&_nc_zt=23&_nc_ht=scontent-gru1-2.cdninstagram.com&_nc_gid=MtrclPEX5MjwbyA1-kadsA&_nc_ss=7a22e&oh=00_AQIn9MEVGzz1JZGFw8MXKt-qiyUgdeA8ipEvvFK4_o1bqw&oe=6AACE1EB"", ""https://scontent-gru1-2.cdninstagram.com/v/t51.82787-15/801354889_18041748533818712_5180166493142276950_n.jpg?stp=dst-jpg_e35_tt6&_nc_cat=108&ig_cache_key=Mzk4MTgyNjE5OTYwNDU0MjcyMQ%3D%3D.3-ccb7-5&ccb=7-5&_nc_sid=58cdad&efg=eyJ2ZW5jb2RlX3RhZyI6IkNBUk9VU0VMX0lURU0ueHBpZHMuOTYwLnNkci5yZWd1bGFyX3Bob3RvLkMzIn0%3D&_nc_ohc=YM9D8_fMAqUQ7kNvwG5w2qk&_nc_oc=AdrmIA6iGH969pEdrRB9-hrWlpROnfqRGVCDrRbV9-jMIMGa4q3mB6mU6ZuVhYe7LvA&_nc_ad=z-m&_nc_cid=0&_nc_zt=23&_nc_ht=scontent-gru1-2.cdninstagram.com&_nc_gid=MtrclPEX5MjwbyA1-kadsA&_nc_ss=7a22e&oh=00_AQLSLUHxlSxK1VDgX0eqbCJbkgplbuJt4kQXUgfAh5pDcA&oe=6AACEF63"", ""https://scontent-gru2-1.cdninstagram.com/v/t51.82787-15/801275275_18041748551818712_2873445341706546355_n.jpg?stp=dst-jpg_e35_tt6&_nc_cat=109&ig_cache_key=Mzk4MTgyNjIwMjYzMjk1MzA4OA%3D%3D.3-ccb7-5&ccb=7-5&_nc_sid=58cdad&efg=eyJ2ZW5jb2RlX3RhZyI6IkNBUk9VU0VMX0lURU0ueHBpZHMuOTYwLnNkci5yZWd1bGFyX3Bob3RvLkMzIn0%3D&_nc_ohc=Heex6swotjgQ7kNvwEeWIjM&_nc_oc=AdrM1_FrimXMmqnXjZblGyBkfFx7bXF1Wyts10ZRjYI41ohrwAM_w5BqeaY2voFcHPo&_nc_ad=z-m&_nc_cid=0&_nc_zt=23&_nc_ht=scontent-gru2-1.cdninstagram.com&_nc_gid=MtrclPEX5MjwbyA1-kadsA&_nc_ss=7a22e&oh=00_AQLGshV9gdkbCFO9X5JC2MxH48KkPGnfppNMXeGCu_zAFA&oe=6AACFB09"", ""https://scontent-gru1-2.cdninstagram.com/v/t51.82787-15/801009431_18041748578818712_6775246865126045968_n.jpg?stp=dst-jpg_e35_tt6&_nc_cat=103&ig_cache_key=Mzk4MTgyNjIwNTU2ODg3NTA5OA%3D%3D.3-ccb7-5&ccb=7-5&_nc_sid=58cdad&efg=eyJ2ZW5jb2RlX3RhZyI6IkNBUk9VU0VMX0lURU0ueHBpZHMuOTYwLnNkci5yZWd1bGFyX3Bob3RvLkMzIn0%3D&_nc_ohc=BsmD62FtB9sQ7kNvwHohO4p&_nc_oc=Adr79H6ZjaPFNqbLKgOsWAgSwUruP-prr7gx3-cDAK2ZbZwtNXFe--t1nu6v_TAGRMU&_nc_ad=z-m&_nc_cid=0&_nc_zt=23&_nc_ht=scontent-gru1-2.cdninstagram.com&_nc_gid=MtrclPEX5MjwbyA1-kadsA&_nc_ss=7a22e&oh=00_AQLPNQ6nYghtYpxxhHsjY9tduLWoJLLl7Jf3BNaM20KKYQ&oe=6AACF525"", ""https://scontent-gru1-2.cdninstagram.com/v/t51.82787-15/801233146_18041748587818712_7020948043519758256_n.jpg?stp=dst-jpg_e35_tt6&_nc_cat=100&ig_cache_key=Mzk4MTgyNjIwOTc1NDc1NTAwNA%3D%3D.3-ccb7-5&ccb=7-5&_nc_sid=58cdad&efg=eyJ2ZW5jb2RlX3RhZyI6IkNBUk9VU0VMX0lURU0ueHBpZHMuOTYwLnNkci5yZWd1bGFyX3Bob3RvLkMzIn0%3D&_nc_ohc=hdFt-7JUJk4Q7kNvwEyN20S&_nc_oc=AdoDDxnfALF9aNuN9CGzta2KwuYvWkc2yu50cpjNSJ38T4WDvQRHBXaPAqYXrphs_UU&_nc_ad=z-m&_nc_cid=0&_nc_zt=23&_nc_ht=scontent-gru1-2.cdninstagram.com&_nc_gid=MtrclPEX5MjwbyA1-kadsA&_nc_ss=7a22e&oh=00_AQIgfj7JykZR-ycrefRoXQQrcfiNptDYZsWCNggnzGj0bw&oe=6AAD01B5"", ""https://scontent-gru2-1.cdninstagram.com/v/t51.82787-15/800881890_18041748608818712_5537978059656557471_n.jpg?stp=dst-jpg_e35_tt6&_nc_cat=109&ig_cache_key=Mzk4MTgyNjIxMzI4NjI1MDE2Nw%3D%3D.3-ccb7-5&ccb=7-5&_nc_sid=58cdad&efg=eyJ2ZW5jb2RlX3RhZyI6IkNBUk9VU0VMX0lURU0ueHBpZHMuOTYwLnNkci5yZWd1bGFyX3Bob3RvLkMzIn0%3D&_nc_ohc=XiG_FHuKSDYQ7kNvwHLAwoy&_nc_oc=AdoaE3Xq8asOxSF2VU8vqBWA0wJ6vk4FZ4XmndxuVmi68ziefzeqPDtFnCaWL6Sj8hw&_nc_ad=z-m&_nc_cid=0&_nc_zt=23&_nc_ht=scontent-gru2-1.cdninstagram.com&_nc_gid=MtrclPEX5MjwbyA1-kadsA&_nc_ss=7a22e&oh=00_AQJ9YafN3BW6jgKM0s1HKHkkP67fi0DBnB5dqQ5fmL6cGg&oe=6AAD033A"", ""https://scontent-gru1-2.cdninstagram.com/v/t51.82787-15/801128252_18041748617818712_3713074569501089748_n.jpg?stp=dst-jpg_e35_tt6&_nc_cat=100&ig_cache_key=Mzk4MTgyNjIxNjkxMDI3NjgyMA%3D%3D.3-ccb7-5&ccb=7-5&_nc_sid=58cdad&efg=eyJ2ZW5jb2RlX3RhZyI6IkNBUk9VU0VMX0lURU0ueHBpZHMuOTYwLnNkci5yZWd1bGFyX3Bob3RvLkMzIn0%3D&_nc_ohc=UVW2-dZpbMUQ7kNvwGZWgW0&_nc_oc=Adr7K7m5FsVNVqf1ErmQjElTfjRzZKIWgU8mKz0b7ZN3kvp1P3g2mzuchbZ9turLx28&_nc_ad=z-m&_nc_cid=0&_nc_zt=23&_nc_ht=scontent-gru1-2.cdninstagram.com&_nc_gid=MtrclPEX5MjwbyA1-kadsA&_nc_ss=7a22e&oh=00_AQJkD1T-hjWdzB3alMNATu2IWas8cpKOkEDAyteJKPTyXQ&oe=6AACE679"", ""https://scontent-gru2-2.cdninstagram.com/v/t51.82787-15/800643325_18041748632818712_632457452929851967_n.jpg?stp=dst-jpg_e35_tt6&_nc_cat=106&ig_cache_key=Mzk4MTgyNjIxOTE2Njg0NDk3Ng%3D%3D.3-ccb7-5&ccb=7-5&_nc_sid=58cdad&efg=eyJ2ZW5jb2RlX3RhZyI6IkNBUk9VU0VMX0lURU0ueHBpZHMuOTYwLnNkci5yZWd1bGFyX3Bob3RvLkMzIn0%3D&_nc_ohc=2bq2xA0q31EQ7kNvwFa4m-A&_nc_oc=Adou7UFoM1_8H8xNln0XKh5B1Q2cflq0SpvvGCC35R0ZGSLraO8y-Ocz-w_ZgUXzouE&_nc_ad=z-m&_nc_cid=0&_nc_zt=23&_nc_ht=scontent-gru2-2.cdninstagram.com&_nc_gid=MtrclPEX5MjwbyA1-kadsA&_nc_ss=7a22e&oh=00_AQK3zAbKnvs0uWSJmYnexkemoRLfsF7lGnpZPoxDEYCkCg&oe=6AACF0F3"", ""https://scontent-gru2-1.cdninstagram.com/v/t51.82787-15/801149541_18041748647818712_551010721348571251_n.jpg?stp=dst-jpg_e35_tt6&_nc_cat=109&ig_cache_key=Mzk4MTgyNjIyMjM1NDQ2MDExNw%3D%3D.3-ccb7-5&ccb=7-5&_nc_sid=58cdad&efg=eyJ2ZW5jb2RlX3RhZyI6IkNBUk9VU0VMX0lURU0ueHBpZHMuOTYwLnNkci5yZWd1bGFyX3Bob3RvLkMzIn0%3D&_nc_ohc=Cm5BNv5bmQ8Q7kNvwGnvRuY&_nc_oc=AdrK3da2IKZ9GpCX5ZOFp7Z1nL1LSEt-WqEw0bnZtI8kZoe9liimaBB8nqHJ0kHKQRY&_nc_ad=z-m&_nc_cid=0&_nc_zt=23&_nc_ht=scontent-gru2-1.cdninstagram.com&_nc_gid=MtrclPEX5MjwbyA1-kadsA&_nc_ss=7a22e&oh=00_AQKmD2UOk4uWbpc99seuliwXNzlZ7hDqxNg9MgfVdQXavg&oe=6AAD0967"", ""https://www.instagram.com/p/DdCSc-WREG0/"", ""https://www.instagram.com/p/DdCSc-HxLJr/"", ""https://www.instagram.com/p/DdCSdDxR5pq/"", ""https://www.instagram.com/p/DdCSdGgxV-F/"", ""https://www.instagram.com/p/DdCSdKnRP1F/"", ""https://www.instagram.com/p/DdCSdOfRNZJ/"", ""https://www.instagram.com/p/DdCSdRkRE8O/"", ""https://www.instagram.com/p/DdCSdT4xb0B/"", ""https://www.instagram.com/p/DdCSdWtR50A/"", ""https://www.instagram.com/p/DdCSdZcRjpa/"", ""https://www.instagram.com/p/DdCSddVxa-8/"", ""https://www.instagram.com/p/DdCSdgoRAa3/"", ""https://www.instagram.com/p/DdCSdkARkjU/"", ""https://www.instagram.com/p/DdCSdmGxsgw/"", ""https://www.instagram.com/p/DdCSdpExe3V/""]"
9bb3762c11ed5ba51e18376c181f5cd2e2fea435e570e028faf006ccfcf111a8,,,,,https://www.instagram.com/p/DdCBqZ_FbPg/,DdCBqZ_FbPg,bugiotrindade,2026-09-08T15:38:08.000Z,"QUARTA ESPECIAL COM FEIRINHA DE TALENTOS DA BUGIO + CHOPE EM DOBRO ATÉ ÀS 20H!!

Nossa equipe é cheia de artistas e essa é a noite de provar isso! Feirinha com exposições e artigos a venda! Vai ter crochê, prints, instrumentos de cerâmica E MUITO MAIS!

Fica esperte que tem promoção de chope das 17h às 20h, comidas e bebidas gostosas a noite toda!

Quarta | 9 de setembro
Bar abre às 17h | Feirinha as 20h
Contribuição sugerida: R$ 20

Informações de acessibilidade e ambiente:

Espaço acessível para pessoas cadeirantes

Cardápio acessível com vídeo em LIBRAS

EVENTO COLABORATIVO!",Sidecar,"[""https://instagram.fmex5-1.fna.fbcdn.net/v/t51.82787-15/800945402_18018580427923638_2748016589704986294_n.heic?stp=dst-jpg_e35_tt6&_nc_cat=106&_nc_map=urlgen_bucketless&ig_cache_key=Mzk4MTc1MjI3ODgxMTkzNTM5Mg%3D%3D.3-ccb7-5&ccb=7-5&_nc_sid=58cdad&efg=eyJ2ZW5jb2RlX3RhZyI6IkNBUk9VU0VMX0lURU0ueHBpZHMuMTQ0MC5zZHIucmVndWxhcl9waG90by5DMyJ9&_nc_ohc=dfUH-uSZLBMQ7kNvwHYdnOt&_nc_oc=Ado-Y56NxI43K67_5JnzK-iLm8inylQSJuGJoGlRbaCUCRW5A8ye2gZA9V-oaIwHwp9O8FinplukW1zSinalbIfY&_nc_ad=z-m&_nc_cid=0&_nc_zt=23&_nc_ht=instagram.fmex5-1.fna&_nc_gid=BfUxRzuHeeLU39qJ5Dax4Q&_nc_ss=7a22e&oh=00_AQIXgWkTMB_66TS5xuV1iwX9BArrdD7MNooR2isWNbkgvg&oe=6AAD0137"", ""https://instagram.fmex28-1.fna.fbcdn.net/v/t51.82787-15/800696938_18018580448923638_2026767501775971697_n.heic?stp=dst-jpg_e35_tt6&_nc_cat=108&_nc_map=urlgen_bucketless&ig_cache_key=Mzk4MTc1MjI4MjI0ODUzNzY5Mw%3D%3D.3-ccb7-5&ccb=7-5&_nc_sid=58cdad&efg=eyJ2ZW5jb2RlX3RhZyI6IkNBUk9VU0VMX0lURU0ueHBpZHMuMTQ0MC5zZHIucmVndWxhcl9waG90by5DMyJ9&_nc_ohc=53x3eLnZsckQ7kNvwG0hgiZ&_nc_oc=AdruuZOyXRvJcGKD8lbNj7Sohm3M4QgZMQCG1pvDi6QixT8gfzW-pqlQiEoT465354Wc_TO21EkYZF_8KFCbqYsH&_nc_ad=z-m&_nc_cid=0&_nc_zt=23&_nc_ht=instagram.fmex28-1.fna&_nc_gid=BfUxRzuHeeLU39qJ5Dax4Q&_nc_ss=7a22e&oh=00_AQJQAW3nFbD3QBvl0-fLy9A7547wZBMjtpPYSm7GbeH7aQ&oe=6AACFB2D"", ""https://instagram.fmex36-1.fna.fbcdn.net/v/t51.82787-15/800715008_18018580412923638_5458038321864964660_n.heic?stp=dst-jpg_e35_tt6&_nc_cat=101&_nc_map=urlgen_bucketless&ig_cache_key=Mzk4MTc1MjI3NDYwOTMxODkyOA%3D%3D.3-ccb7-5&ccb=7-5&_nc_sid=58cdad&efg=eyJ2ZW5jb2RlX3RhZyI6IkNBUk9VU0VMX0lURU0ueHBpZHMuMTQ0MC5zZHIucmVndWxhcl9waG90by5DMyJ9&_nc_ohc=MHNvub86bKIQ7kNvwErFlhm&_nc_oc=AdqNWXMnG322gdKZT07pk0WqZt5hYukfV4iJkk1DpHU4HI3WYP6AICyoGhIv7UZisp-6URrW6A0LP8FgeOxftlFN&_nc_ad=z-m&_nc_cid=0&_nc_zt=23&_nc_ht=instagram.fmex36-1.fna&_nc_gid=BfUxRzuHeeLU39qJ5Dax4Q&_nc_ss=7a22e&oh=00_AQLYmTr01DHJ6ClWt0NvceU2UT6PTSm0OWD1Dn9ieEdY2g&oe=6AAD0F84"", ""https://instagram.fmex24-1.fna.fbcdn.net/v/t51.82787-15/800979617_18018580460923638_7475120101620798200_n.heic?stp=dst-jpg_e35_tt6&_nc_cat=107&_nc_map=urlgen_bucketless&ig_cache_key=Mzk4MTc1MjI4NDIyODA5NDI4OQ%3D%3D.3-ccb7-5&ccb=7-5&_nc_sid=58cdad&efg=eyJ2ZW5jb2RlX3RhZyI6IkNBUk9VU0VMX0lURU0ueHBpZHMuMTQ0MC5zZHIucmVndWxhcl9waG90by5DMyJ9&_nc_ohc=pLQ-G0X7REMQ7kNvwHY8A8z&_nc_oc=AdrmBQSLQmBhL3oqil1JdUJpwWp15Rlu-7WPH9rsJ-r1h1TS06CoYxd1gOOtn-B8a6YDo7O8n36XCQ45GyS6rhKZ&_nc_ad=z-m&_nc_cid=0&_nc_zt=23&_nc_ht=instagram.fmex24-1.fna&_nc_gid=BfUxRzuHeeLU39qJ5Dax4Q&_nc_ss=7a22e&oh=00_AQJJVRBao7Jh0CMeXO1TlJzJRGeUXWBUfv0Ic4bAzoc4Kw&oe=6AACE321"", ""https://instagram.fmex23-1.fna.fbcdn.net/v/t51.82787-15/798646403_18018580517923638_4122123283534872245_n.heic?stp=dst-jpg_e35_tt6&_nc_cat=101&_nc_map=urlgen_bucketless&ig_cache_key=Mzk4MTc1MjI5MDcyOTI5OTMxOA%3D%3D.3-ccb7-5&ccb=7-5&_nc_sid=58cdad&efg=eyJ2ZW5jb2RlX3RhZyI6IkNBUk9VU0VMX0lURU0ueHBpZHMuMTQ0MC5zZHIucmVndWxhcl9waG90by5DMyJ9&_nc_ohc=k9j87hw0sbMQ7kNvwHRQPYm&_nc_oc=AdrUFNFNqTZWBlDUUNu-N7FJng2p7cneJe1zIOpwQdwx85H4eLjz2sG9ObulltdKUy0X1uNvqo6_nzioXn5jYKP7&_nc_ad=z-m&_nc_cid=0&_nc_zt=23&_nc_ht=instagram.fmex23-1.fna&_nc_gid=BfUxRzuHeeLU39qJ5Dax4Q&_nc_ss=7a22e&oh=00_AQJycEtWyWsRBrG8Ai3bpliWeqtiPmYPHjM9_-NvKJUL6Q&oe=6AACECAB"", ""https://instagram.fmex22-1.fna.fbcdn.net/v/t51.82787-15/800965192_18018580475923638_1961454698134808386_n.heic?stp=dst-jpg_e35_tt6&_nc_cat=101&_nc_map=urlgen_bucketless&ig_cache_key=Mzk4MTc1MjI4OTA3OTgyMjEyOA%3D%3D.3-ccb7-5&ccb=7-5&_nc_sid=58cdad&efg=eyJ2ZW5jb2RlX3RhZyI6IkNBUk9VU0VMX0lURU0ueHBpZHMuMTQ0MC5zZHIucmVndWxhcl9waG90by5DMyJ9&_nc_ohc=EWVWEEo8muIQ7kNvwH0_Vi7&_nc_oc=AdoVfMuL0Ca1MSc9heZ23YAS6RrnATzyqHAzc4sRZ4CydX2Zfv4Jjax-MAorq40jV25jegrBuRbvzmepFnWFubtP&_nc_ad=z-m&_nc_cid=0&_nc_zt=23&_nc_ht=instagram.fmex22-1.fna&_nc_gid=BfUxRzuHeeLU39qJ5Dax4Q&_nc_ss=7a22e&oh=00_AQIFNzrsSMUtaH6RS-YkRhVZo8KibH1vMLltdbfCAHkOBQ&oe=6AAD02F9"", ""https://instagram.fmex26-1.fna.fbcdn.net/v/t51.82787-15/784981095_18018580496923638_5009294049631255895_n.heic?stp=dst-jpg_e35_tt6&_nc_cat=103&_nc_map=urlgen_bucketless&ig_cache_key=Mzk4MTc1MjI5MjE0OTkyMDgwMQ%3D%3D.3-ccb7-5&ccb=7-5&_nc_sid=58cdad&efg=eyJ2ZW5jb2RlX3RhZyI6IkNBUk9VU0VMX0lURU0ueHBpZHMuMTQ0MC5zZHIucmVndWxhcl9waG90by5DMyJ9&_nc_ohc=KDafc-8Vr-8Q7kNvwFO2Xf7&_nc_oc=Adp2Fq5MbhI9nsnL9qJZHdv-QAHtjG2hD1iKe8PCZaMldtxyAIJY4--P4Kbdwrz7ymuuRdxhAtAyvcF0qkxZIj4F&_nc_ad=z-m&_nc_cid=0&_nc_zt=23&_nc_ht=instagram.fmex26-1.fna&_nc_gid=BfUxRzuHeeLU39qJ5Dax4Q&_nc_ss=7a22e&oh=00_AQJhB0qRxsDhwqD5COokQMpIwZAbHzYwoB2hLfczHsxeuA&oe=6AAD0F02"", ""https://www.instagram.com/p/DdCBpnyMAKg/"", ""https://www.instagram.com/p/DdCBpq_BmZd/"", ""https://www.instagram.com/p/DdCBpj3sSwQ/"", ""https://www.instagram.com/p/DdCBps1BAlR/"", ""https://www.instagram.com/p/DdCBpy4hI12/"", ""https://www.instagram.com/p/DdCBpxWM4cw/"", ""https://www.instagram.com/p/DdCBp0NMYQh/""]"
3aec8fc252468bfdb92d2152e797b502af60a6e11950a75677550df797300e24,,,,,https://www.instagram.com/p/DdB6WOFMvbT/,DdB6WOFMvbT,bugiocentro,2026-09-08T14:34:15.000Z,"QUARTA É DIA DE LA POMPETTE AQUI NO LARGO DA ANTONIETA!! 
Formado por Chico Abreu, Fernando Morschheiter, Fernando Caramori e Leonardo Aquino, o LA POMPETTE é um quarteto de Jazz Manouche Instrumental que tem como base o repertório popularizado pelo cigano belga Django Reinhardt e pelo violinista Stephane Grappelli. E toda quarta feira traz seu ensaio-show aqui pra Victor Meirelles das 19h às 22h.

🌬 Apenas em caso de chuva que o ensaio show não ocorre. Avisaremos nos stories!

🍔 Junto com a jazzeira, tem promo na cozinha! Na compra de qualquer Sanduba, ganha Batata Rústica de acompanhamento!

🫰Evento colaborativo, valorize os artistas!",Image,"[""https://instagram.fyzd1-2.fna.fbcdn.net/v/t51.82787-15/800755762_18474084979115878_1312462304385718114_n.heic?stp=dst-jpg_e35_tt6&_nc_cat=107&ig_cache_key=Mzk4MTcyMDE1OTIxNzk3Mjk0Nw%3D%3D.3-ccb7-5&ccb=7-5&_nc_sid=58cdad&efg=eyJ2ZW5jb2RlX3RhZyI6IkZFRUQueHBpZHMuMTQ0MC5zZHIucmVndWxhcl9waG90by5DMyJ9&_nc_ohc=ORgP0CNc8r4Q7kNvwG5T_9L&_nc_oc=Adrlo2wqtj30iDQoTewfGhMr_gsbWJyOgdQxQVT9J6te1tuI9fot7M_Hkp2N3nFeae4&_nc_ad=z-m&_nc_cid=0&_nc_zt=23&_nc_ht=instagram.fyzd1-2.fna&_nc_gid=MeJGRBqt5mtf4-y1WWNzqw&_nc_ss=7a22e&oh=00_AQLWZ41VY7Fdh0bN7U62lvi48h3cse0dQ0IrM9zdTkAsFA&oe=6AAD0135""]"
0bf93e0eba7d40893924d3c008043f0d6a3b49e9fcab43f94ec249a2dd9e8623,,,,,https://www.instagram.com/p/DdAZBn_uO1g/,DdAZBn_uO1g,bugiocentro,2026-09-08T00:24:39.000Z,"TERÇA VOCÊ JÁ SABE: TEM FORRÓ DE BASE DELAS!💃🔥

É a mulherada trabalhando pela cena forrozeira! 

Unimos forças com a Prof Baby e a DJ Tágua para lançar um projeto feito sob medida para iniciantes e já praticantes, com foco no acolhimento, no respeito e na segurança de todas as pessoas da cena!

Aqui você não precisa de par fixo e nem de experiência prévia. Vem com a gente aprender de forma leve, respeitando o seu tempo e o seu corpo, e depois coloque em prática no nosso baile de curadoria impecável. Para agendar sua aula: @baaby.milena

19h30 - Recepção (Largo da Antonieta)
20h00 - Aula de Forró do Zero com Prof Baby
20h50 às 23h30 - Baile de prática com DJ Tágua

Ingressos para o baile na hora: 
$10 até as 21h30
$15 após",Image,"[""https://instagram.fsac1-1.fna.fbcdn.net/v/t51.82787-15/794032625_18473990983115878_5396724536678069775_n.jpg?stp=dst-jpg_e35_tt6&_nc_cat=100&ig_cache_key=Mzk4MTI5MjEzMzQyMjc4NzkzNg%3D%3D.3-ccb7-5&ccb=7-5&_nc_sid=58cdad&efg=eyJ2ZW5jb2RlX3RhZyI6IkZFRUQueHBpZHMuMTM1MC5zZHIucmVndWxhcl9waG90by5DMiJ9&_nc_ohc=klIGrfzcO34Q7kNvwFsPEEs&_nc_oc=AdpEXyGW9xye9KQz8l2rHSTt8SZ0bprN21ZoI0tGPjLCKE3SS8EDEVJRsCBqSFCx8Q0&_nc_ad=z-m&_nc_cid=0&_nc_zt=23&_nc_ht=instagram.fsac1-1.fna&_nc_gid=1OwPePguA2Q2JyYqdf_K9A&_nc_ss=7a22e&oh=00_AQIdejQZvtfxAaN0fJBmiI6tatN-SWpOGyL6rip011-fZw&oe=6AACE5AC""]"
97c6a041de0339e4e4328977ddcfabaf8a7af10198b4f0e5127c3d8c16f02f09,,,,,https://www.instagram.com/p/DdAEWWhBbPj/,DdAEWWhBbPj,osgemeosdobaile,2026-09-07T21:23:52.000Z,"Os Gêmeos mais brabos da ilha aterrizam na Bugio centro em uma noite especial carregada de Black Music! 🔥🪩

Prepare-se para navegar com os melhores hits do rei Michael Jackson e navegando também nas sonoridades blacks do Hip-Hop e R&B embalando a pista!🥵

Horário: 23:00 até 4:00 hrs

Chegue junto e bora curtir mais uma noite incrível!🔥

Antecipados na bio 🎟️",Image,"[""https://scontent-mad1-1.cdninstagram.com/v/t51.82787-15/799634250_18113463689517524_9201125617776093742_n.jpg?stp=dst-jpg_e35_tt6&_nc_cat=105&ig_cache_key=Mzk4MTIwMTE5ODc4NjM5MzA1OQ%3D%3D.3-ccb7-5&ccb=7-5&_nc_sid=58cdad&efg=eyJ2ZW5jb2RlX3RhZyI6IkZFRUQueHBpZHMuMTE5NS5zZHIucmVndWxhcl9waG90by5DMyJ9&_nc_ohc=epJ09cKUjOoQ7kNvwGVkh8d&_nc_oc=AdpXvGHZuzz46taByumoPwjs3i1g02fIwpMcXR-53hgQczi4Utq6-dYltnmdazGUPx4&_nc_ad=z-m&_nc_cid=0&_nc_zt=23&_nc_ht=scontent-mad1-1.cdninstagram.com&_nc_gid=KoaDbpPGNLgvfx2NZ3XUzg&_nc_ss=7a22e&oh=00_AQIYhGbIWvTvAfSjGQ-e1QqgKV-0moi6RnqY9Dp8DU2gqw&oe=6AAD0782""]"
03c9286cfe7ead28f0ae829d6230a6341655d93d96720d67ab47cd4c8e30f9c6,,,,,https://www.instagram.com/p/Dc_Yu-clW-1/,Dc_Yu-clW-1,bugiotrindade,2026-09-07T15:02:01.000Z,"AQUI FAZ QUENTINHO DE PROGRAMAÇÃO BOA! Segue a programação de 7 a 12 de setembro! 
〰 SEGUNDA | CHORO DA INDEPENDÊNCIA 🎶🍻
Roda de choro especial do dia 7 de setembro! Vem curtir o feriado aqui com a gente que é bom d+! 
〰 TERÇA | ABERTO PARA BATE PAPO E ENCONTROS + CHOPE EM DOBRO ATÉ AS 20H 🍻
Chega mais com sua galera pra botar o papo em dia com bons drinks, chopes e comidinhas! Promô de chopes e drinks de 300mL em dobro até as 20h! 
〰 QUARTA | FEIRA DE TALENTOS + CHOPE EM DOBRO ATÉ AS 20H 🍻
Nossa equipe é cheia de artistas e essa é a noite para provar isso! Feirinha com exposições e artigos a venda! Vai ter crochê, cerâmica, prints, brechó, instrumentos de cerâmica, música E MUITO MAIS! Também tem promoção de 
〰 QUINTA | RODA DE MILONGA CONVIDA MARISA SAÉNZ (AR) E ANA NEGRELLO 
Diretamente do Planalto Serrano, Rafa Puerta vem com os milongueiros Arthur Boscato, Pablo Lazarte e Benjamin Ciprián, e nessa edição com partipações mais que especiais das cantautora Marisa Saénz (Argentina) e Ana Negrello (Rio Grande do Sul)! Vai ser muuuuito mais que especial! 🎶🍻
〰 SEXTA | GEOSAMBA 🎶🍻
DA UFSC PRA CASINHA: o geosamba tem dia e hora marcados na nossa casa! Vem que o samba no pé, o chope gelado e a alegria são garantidos! 
〰 SÁBADO |  FORRÓ DA NATI + CHOPE EM DOBRO ATÉ 20H🪗
O Forró da Nati reúne músicos da ilha numa formação diversificada a cada show. No repertório aquela mistura boa dos clássicos do xote ao baião, além de canções autorais! E TEM PROMÔ ATÉ AS 20H! 

TODOS OS EVENTOS SÃO COLABORATIVOS: APOIE OS ARTISTAS!",Sidecar,"[""https://scontent-cdg6-1.cdninstagram.com/v/t51.82787-15/798415149_18018446537923638_7893723677252007549_n.heic?stp=dst-jpg_e35_tt6&_nc_cat=103&ig_cache_key=Mzk4MTAwOTMzNjA5MDc5NTM3OQ%3D%3D.3-ccb7-5&ccb=7-5&_nc_sid=58cdad&efg=eyJ2ZW5jb2RlX3RhZyI6IkNBUk9VU0VMX0lURU0ueHBpZHMuMTQ0MC5zZHIucmVndWxhcl9waG90by5DMyJ9&_nc_ohc=WsZMHEVfy7IQ7kNvwFulIFG&_nc_oc=AdoxBzCPnPbhh_dUu42n8H9cl1v2I4wZ0cupukbvLktEJmMcL1dijOEXen0uda7aWU3WuCupVW-kjiGs1lWyRBhY&_nc_ad=z-m&_nc_cid=0&_nc_zt=23&_nc_ht=scontent-cdg6-1.cdninstagram.com&_nc_gid=YZRog_OLc2kVrTTBcs02lw&_nc_ss=7a22e&oh=00_AQIqGy0Zqp8omgG3ORGnJ-pttP_zSVjYXmhmU2_B8j2gTQ&oe=6AACFA0F"", ""https://scontent-cdg4-1.cdninstagram.com/v/t51.82787-15/800258766_18018446528923638_7967107704160537416_n.heic?stp=dst-jpg_e35_tt6&_nc_cat=102&ig_cache_key=Mzk4MTAwOTMzNjc3OTA0OTI4OA%3D%3D.3-ccb7-5&ccb=7-5&_nc_sid=58cdad&efg=eyJ2ZW5jb2RlX3RhZyI6IkNBUk9VU0VMX0lURU0ueHBpZHMuMTQ0MC5zZHIucmVndWxhcl9waG90by5DMyJ9&_nc_ohc=BLRZGjO5ksAQ7kNvwFdXud4&_nc_oc=Adr3ahg8_4Ufxo1dgW1VjZHirYGH7yG9zoo31zvgGqHjMbRTbKQ0vnJgUjLlcNGGc3vzSy-x4yA1c0cnznD9pV3y&_nc_ad=z-m&_nc_cid=0&_nc_zt=23&_nc_ht=scontent-cdg4-1.cdninstagram.com&_nc_gid=YZRog_OLc2kVrTTBcs02lw&_nc_ss=7a22e&oh=00_AQK-dkWfUBdzt1VVdNdYZ81IsY_wytCDLT2f5ENsq83Fhg&oe=6AACF87B"", ""https://scontent-cdg6-1.cdninstagram.com/v/t51.82787-15/800258758_18018446567923638_7171676808780466573_n.heic?stp=dst-jpg_e35_tt6&_nc_cat=105&ig_cache_key=Mzk4MTAwOTMzOTIyMTI2MjI2NA%3D%3D.3-ccb7-5&ccb=7-5&_nc_sid=58cdad&efg=eyJ2ZW5jb2RlX3RhZyI6IkNBUk9VU0VMX0lURU0ueHBpZHMuMTQ0MC5zZHIucmVndWxhcl9waG90by5DMyJ9&_nc_ohc=JmPjBG7iZk0Q7kNvwEtlWBH&_nc_oc=AdqqhvtmTSVXZA4h67z80kP4yZryUbRBzTt6vBerJz0OO0wiMr5OwZXRCyhkUp5LbjvJzcxUh_wyovQnOrPVWr9K&_nc_ad=z-m&_nc_cid=0&_nc_zt=23&_nc_ht=scontent-cdg6-1.cdninstagram.com&_nc_gid=YZRog_OLc2kVrTTBcs02lw&_nc_ss=7a22e&oh=00_AQJ6GKeQzh760r_jdW9kCPDR7BIhhWHdM-ynLsjeLoROlQ&oe=6AACE50B"", ""https://scontent-cdg4-2.cdninstagram.com/v/t51.82787-15/799601317_18018446552923638_416076818289339595_n.heic?stp=dst-jpg_e35_tt6&_nc_cat=101&ig_cache_key=Mzk4MTAwOTM0MDE4NTA2MzEwMw%3D%3D.3-ccb7-5&ccb=7-5&_nc_sid=58cdad&efg=eyJ2ZW5jb2RlX3RhZyI6IkNBUk9VU0VMX0lURU0ueHBpZHMuMTQ0MC5zZHIucmVndWxhcl9waG90by5DMyJ9&_nc_ohc=H_sY1hLkSsYQ7kNvwGxMle0&_nc_oc=AdqJAS6qzLCnXfGcvQMxVDyEKljy2e9dRniUmvV0bcfAB3qJ1BuD3xntFZtD7IkJ5onHJtPkhyl5We8bbRztiMnA&_nc_ad=z-m&_nc_cid=0&_nc_zt=23&_nc_ht=scontent-cdg4-2.cdninstagram.com&_nc_gid=YZRog_OLc2kVrTTBcs02lw&_nc_ss=7a22e&oh=00_AQKNvduTSW6Xa_-2cgTCFXa-_0_oMfQUjrWMiLCi3z5M0g&oe=6AAD11B2"", ""https://scontent-cdg4-1.cdninstagram.com/v/t51.82787-15/799972057_18018446519923638_1614695549447415138_n.heic?stp=dst-jpg_e35_tt6&_nc_cat=104&ig_cache_key=Mzk4MTAwOTMzOTQ4ODAxMTM3MA%3D%3D.3-ccb7-5&ccb=7-5&_nc_sid=58cdad&efg=eyJ2ZW5jb2RlX3RhZyI6IkNBUk9VU0VMX0lURU0ueHBpZHMuMTQ0MC5zZHIucmVndWxhcl9waG90by5DMyJ9&_nc_ohc=jrE4cGIXFZ0Q7kNvwGixz1c&_nc_oc=Adr0urv1fsULQtaK1dZnCJxJjkk9PQEyckbZ3EMR7PvmoY7IW0fGHppaOhXHUiC2UcyKyr8XxL_Nm1kLbcofUahS&_nc_ad=z-m&_nc_cid=0&_nc_zt=23&_nc_ht=scontent-cdg4-1.cdninstagram.com&_nc_gid=YZRog_OLc2kVrTTBcs02lw&_nc_ss=7a22e&oh=00_AQLm0KSeJZgIdSUH5KTdUQtfaigu99-9jRTs0y8SzeKEOg&oe=6AAD16DA"", ""https://scontent-cdg4-2.cdninstagram.com/v/t51.82787-15/798884686_18018446606923638_8817256259521788686_n.heic?stp=dst-jpg_e35_tt6&_nc_cat=101&ig_cache_key=Mzk4MTAwOTM0NTQ1MjQ2MjMxMg%3D%3D.3-ccb7-5&ccb=7-5&_nc_sid=58cdad&efg=eyJ2ZW5jb2RlX3RhZyI6IkNBUk9VU0VMX0lURU0ueHBpZHMuMTQ0MC5zZHIucmVndWxhcl9waG90by5DMyJ9&_nc_ohc=A0aBtQrzo8oQ7kNvwEL-drc&_nc_oc=AdoNN2pJ9GqciMgAZbhf7iBcg1zO1T9Rriur3jccEi4vqIxv7Y9O3_cK-OEPoVlgSmgHqbe5w9Ve4erd-TtnH8dd&_nc_ad=z-m&_nc_cid=0&_nc_zt=23&_nc_ht=scontent-cdg4-2.cdninstagram.com&_nc_gid=YZRog_OLc2kVrTTBcs02lw&_nc_ss=7a22e&oh=00_AQLgoIWIu65BBclvkwtRRWVfbD_KrtvTiu-sTnvguUIu7g&oe=6AACE1C2"", ""https://scontent-cdg4-2.cdninstagram.com/v/t51.82787-15/798511915_18018446570923638_3411271952701590700_n.heic?stp=dst-jpg_e35_tt6&_nc_cat=100&ig_cache_key=Mzk4MTAwOTM0NDA3ODIzNTU1MQ%3D%3D.3-ccb7-5&ccb=7-5&_nc_sid=58cdad&efg=eyJ2ZW5jb2RlX3RhZyI6IkNBUk9VU0VMX0lURU0ueHBpZHMuMTQ0MC5zZHIucmVndWxhcl9waG90by5DMyJ9&_nc_ohc=TXWH-QxwuZEQ7kNvwGKNfYj&_nc_oc=AdpVXP1Nm_ndDr_Asw7kL3k3d_czv24Pzjmp5KRxme_DH_N-ikPSLHLonqPAIrUp9Mi-8DQNDO_nmkVWB7K_kMS1&_nc_ad=z-m&_nc_cid=0&_nc_zt=23&_nc_ht=scontent-cdg4-2.cdninstagram.com&_nc_gid=YZRog_OLc2kVrTTBcs02lw&_nc_ss=7a22e&oh=00_AQJUUdEVQGUw6ZoGvjLtY19wpVenY7CYFEtlLYsBUgS0Qw&oe=6AAD0385"", ""https://scontent-cdg4-1.cdninstagram.com/v/t51.82787-15/799674436_18018446591923638_1763907800514368319_n.heic?stp=dst-jpg_e35_tt6&_nc_cat=104&ig_cache_key=Mzk4MTAwOTM0MzQ4MTEyNjUyMw%3D%3D.3-ccb7-5&ccb=7-5&_nc_sid=58cdad&efg=eyJ2ZW5jb2RlX3RhZyI6IkNBUk9VU0VMX0lURU0ueHBpZHMuMTQ0MC5zZHIucmVndWxhcl9waG90by5DMyJ9&_nc_ohc=ccLrJ-LDUiwQ7kNvwETMyMs&_nc_oc=AdrVmunpjNEppdscv822DpflzPkAqJ3-3vnOxUwBuFa6OKtsfyCNqrnbngMxVob_JzDX4VNNQJQ8aOVtGeqa2_HI&_nc_ad=z-m&_nc_cid=0&_nc_zt=23&_nc_ht=scontent-cdg4-1.cdninstagram.com&_nc_gid=YZRog_OLc2kVrTTBcs02lw&_nc_ss=7a22e&oh=00_AQJ2Nj5hvb5XyiNU4sUB2CjmyLp26QAXa-4r_I7Jk6Ycmw&oe=6AACF1FE"", ""https://scontent-cdg6-1.cdninstagram.com/v/t51.82787-15/799622355_18018446615923638_4620565448670199194_n.heic?stp=dst-jpg_e35_tt6&_nc_cat=105&ig_cache_key=Mzk4MTAwOTM0NTk1NzE0OTQ3Ng%3D%3D.3-ccb7-5&ccb=7-5&_nc_sid=58cdad&efg=eyJ2ZW5jb2RlX3RhZyI6IkNBUk9VU0VMX0lURU0ueHBpZHMuMTQ0MC5zZHIucmVndWxhcl9waG90by5DMyJ9&_nc_ohc=A8oSsYPWjBwQ7kNvwEYwgxQ&_nc_oc=AdrcJh64I0u-MMCvbRLKyW-yhI_RSuIel368BcxWkewy4WxvLRZ02mAEzwTR4B9x__KDrPmnwPM-Z6xRMpTDyI61&_nc_ad=z-m&_nc_cid=0&_nc_zt=23&_nc_ht=scontent-cdg6-1.cdninstagram.com&_nc_gid=YZRog_OLc2kVrTTBcs02lw&_nc_ss=7a22e&oh=00_AQL6bbLW_hZ-nHgIxG5NwpmI99XDTlgBZHluSwoMKDAWXQ&oe=6AAD097C"", ""https://www.instagram.com/p/Dc_YuYdNJ1z/"", ""https://www.instagram.com/p/Dc_YuZGOolI/"", ""https://www.instagram.com/p/Dc_YubXy7-4/"", ""https://www.instagram.com/p/Dc_YucRPi6_/"", ""https://www.instagram.com/p/Dc_YubnsgRq/"", ""https://www.instagram.com/p/Dc_YuhLNFDo/"", ""https://www.instagram.com/p/Dc_Yuf5S0ef/"", ""https://www.instagram.com/p/Dc_YufVtB57/"", ""https://www.instagram.com/p/Dc_YuhpSTsk/""]"
b66e974f2bd7f862ff2501f5e6bf9f0ba01e5d1d47bfa051a0cc159f8941e439,,,,,https://www.instagram.com/p/Dc_Rd3dz6YC/,Dc_Rd3dz6YC,bugiocentro,2026-09-07T13:58:33.000Z,"SEGUNDOU MAS HOJE É FERIADO, INDEPENDENTE 🤙🇧🇷

Vamos celebrar nossa independência com muito Samba com Quarteto Marimbondo recebendo Bárbara Damásio para uma super apresentação no Largo da Antonieta!

É rolê de rua, colaborativo, democrático! Vem junto 💛",Image,"[""https://scontent-gmp1-1.cdninstagram.com/v/t51.82787-15/800258762_18473908174115878_3385843539327881206_n.heic?stp=dst-jpg_e35_tt6&_nc_cat=103&ig_cache_key=Mzk4MDk3NzQxNDgzMDI2OTk1NA%3D%3D.3-ccb7-5&ccb=7-5&_nc_sid=58cdad&efg=eyJ2ZW5jb2RlX3RhZyI6IkZFRUQueHBpZHMuMTQ0MC5zZHIucmVndWxhcl9waG90by5DMyJ9&_nc_ohc=1XqXjiPRO2oQ7kNvwEO05oc&_nc_oc=AdozXyoSwSQkP3_uEQWfaViDXeLHSXoQWL9JFZqeLPYKEXV3pAF4uq88nrdGMECgiTM&_nc_ad=z-m&_nc_cid=0&_nc_zt=23&_nc_ht=scontent-gmp1-1.cdninstagram.com&_nc_gid=VYRPdXRz0yW74zIiqXhBSA&_nc_ss=7a22e&oh=00_AQJs_UWMShu36cnR9dWgJnzI5u7ruOMjNE6mnCVdh6uc7g&oe=6AAD12A0""]"
23aed4fa07911eb1b205b926b0f14f80046e7d61dc4129c2705438e6b37d7e1b,,,,,https://www.instagram.com/p/Dc9ejjWKfE2/,Dc9ejjWKfE2,setorialhumanidadesfloripa,2026-09-06T21:27:03.000Z,"INSCRIÇÕES ABERTAS para a Feira de Publicações Coletivo Elza que acontecerá dentro da programação do 1° Festival Literário de Florianópolis. As inscrições ficam abertas até dia às 23:59 do dia 10/09/2026.

Podem participar editoras, sebos, coletivos e outras organizações, além de escritores e escritoras independentes de qualquer lugar. 

Atenção: no formulário você encontra respostas para várias das suas dúvidas. Leia com atenção antes de se inscrever. Link na Bio! 

Data da Feira: 19/09/2026
Horário da Feira: das 11h às 19h
Local: Espaço Cultural Baiacu de Alguém 
Endereço: Rua Padre Lourenço Rodrigues De Andrade, 650 - Santo Antônio de Lisboa - Florianópolis/SC

Participe e espalhe a notícia!!!

O 1º Festival Literário de Florianópolis é uma realização de:

• Setorial de Humanidades, Leitura e Literatura
• Feira de Publicações Coletivo Elza
• Livraria Latinas
• Pipa Festival
• Leia Mulheres Floripa
• Sarau Quinta Maldita
• Poesia em Círculo
• Deck da Esquina

Apoio:
• Espaço Cultural Baiacu de Alguém 
• Feira de Literatura Indígena
• LEICA - Levante de Editoras Independentes CAtarinenses",Image,"[""https://scontent-mxp2-1.cdninstagram.com/v/t51.82787-15/798687167_18102299000620922_8305340148328867928_n.jpg?stp=dst-jpg_e35_tt6&_nc_cat=105&ig_cache_key=Mzk4MDQ3MjAzMDE5NTIxNjY5NA%3D%3D.3-ccb7-5&ccb=7-5&_nc_sid=58cdad&efg=eyJ2ZW5jb2RlX3RhZyI6IkZFRUQueHBpZHMuMTM1MC5zZHIucmVndWxhcl9waG90by5DMyJ9&_nc_ohc=ivbKNXqk7NsQ7kNvwGcYxKy&_nc_oc=AdrJXwXH7Gak6bZYVc9OS4rsQXbfmu_DjhrCMolN5_Swr5bzV-7s5tq_7wnyqHSh4Yc&_nc_ad=z-m&_nc_cid=0&_nc_zt=23&_nc_ht=scontent-mxp2-1.cdninstagram.com&_nc_gid=6NVjIO6ILDyLaJrTDzsfyg&_nc_ss=7a22e&oh=00_AQJ9EXSZQqnVmcUUcEwWr9ueWmzxsE_i6sqx58dpzIQEPg&oe=6AACECC3""]"
129f970667dcba5bcf1cac2162b3c9887cb47198bd159e435acbdd47fced8432,,,,,https://www.instagram.com/p/Dc9e6U1GS0l/,Dc9e6U1GS0l,bugiolab,2026-09-06T21:17:31.000Z,"Vozes a Solta: brincadeiras vocais e performances corporais com Rodrigo Mancusi 🎤✨👩‍🎤

Vem aí um aulão de canto coletivo focado em expressividade vocal, percepção musical e ritmo! Uma vivência leve e brincante para soltar a voz, se divertir e aprender em grupo.
A oficina é voltada para níveis iniciante e intermediário, mas aberta a todes que queiram explorar a potência da própria voz e da expressão corporal.

Data: Terça-feira, 15/09
Horário: 19h até 21h30
Investimento: R$ 80

Local: Bugio Lab — R. Victor Meirelles, 112, 2º andar
Garante o teu lugar e vem experimentar o canto sem amarras! Link e inscrições na bio.",Sidecar,"[""https://scontent-mad2-1.cdninstagram.com/v/t51.82787-15/798537741_17953688934250034_8582485366033775767_n.jpg?stp=dst-jpg_e35_tt6&_nc_cat=108&ig_cache_key=Mzk4MDQ3Mjk2OTU0MzAzMDg2OQ%3D%3D.3-ccb7-5&ccb=7-5&_nc_sid=58cdad&efg=eyJ2ZW5jb2RlX3RhZyI6IkNBUk9VU0VMX0lURU0ueHBpZHMuMTA4MC5zZHIucmVndWxhcl9waG90by5DMyJ9&_nc_ohc=4XM8fQpcEYcQ7kNvwGU5mYL&_nc_oc=AdrevwQpMUPsmUyRJBiGsbpmnzHY2hI9mpW3UubJlAwLNM9N3hvt2f0BRXYlkpx10mc&_nc_ad=z-m&_nc_cid=3033&_nc_zt=23&_nc_ht=scontent-mad2-1.cdninstagram.com&_nc_gid=lMR0m9ZKH1fqxbUg3b3veg&_nc_ss=7a22e&oh=00_AQLnnRyO_LretNX2R_vWdThnuwAN_Nct9ITXC_6yBhJ74Q&oe=6AAD1142"", ""https://scontent-mad2-1.cdninstagram.com/v/t51.82787-15/798537755_17953688925250034_8404206454369417570_n.jpg?stp=dst-jpg_e35_tt6&_nc_cat=104&ig_cache_key=Mzk4MDQ3Mjk3MDc3NjQxMjA2OA%3D%3D.3-ccb7-5&ccb=7-5&_nc_sid=58cdad&efg=eyJ2ZW5jb2RlX3RhZyI6IkNBUk9VU0VMX0lURU0ueHBpZHMuMTA4MC5zZHIucmVndWxhcl9waG90by5DMyJ9&_nc_ohc=tl058zVQp4MQ7kNvwEGldF-&_nc_oc=Ado_KxZBMW-S6qqMpjat6tk4lg-F_61DGR_mu_hRw0GfYoa7-srVq5RK3ivkb7E5Rs4&_nc_ad=z-m&_nc_cid=3033&_nc_zt=23&_nc_ht=scontent-mad2-1.cdninstagram.com&_nc_gid=lMR0m9ZKH1fqxbUg3b3veg&_nc_ss=7a22e&oh=00_AQIrnOHR9JQF5NNJeNx_57uXYbyYVj9kHduIZDC4bGYqCQ&oe=6AACEED2"", ""https://scontent-mad1-1.cdninstagram.com/v/t51.82787-15/798785177_17953688994250034_3736782207226802174_n.jpg?stp=dst-jpg_e15_tt6&_nc_cat=106&ig_cache_key=Mzk4MDQ3MzEyNzAwMzY3NjY5Nw%3D%3D.3-ccb7-5&ccb=7-5&_nc_sid=58cdad&efg=eyJ2ZW5jb2RlX3RhZyI6IkNBUk9VU0VMX0lURU0ueHBpZHMuNzIwLnNkci52aWRlb19kZWZhdWx0X2NvdmVyX2ZyYW1lLkMzIn0%3D&_nc_ohc=z8MoOwZCktUQ7kNvwEvB157&_nc_oc=AdpH7NLZ7N8HzyTWKaC3IvBMWwMixc9FWbtSiuAXTGB6PqmxpyaRliVZ3323AmOpwYo&_nc_ad=z-m&_nc_cid=3033&_nc_zt=23&_nc_ht=scontent-mad1-1.cdninstagram.com&_nc_gid=lMR0m9ZKH1fqxbUg3b3veg&_nc_ss=7a22e&oh=00_AQIWuGFYwHMq1XfXT-kZuvvETsA594MylR1vnu_4M3mk_g&oe=6AAD0B3C"", ""https://www.instagram.com/p/Dc9exOLqBhV/"", ""https://www.instagram.com/p/Dc9exPVK_-k/"", ""https://www.instagram.com/p/Dc9ezg1CuAZ/""]"
2e5d3c0e4f6c373d3840c4072d5ccb6f389e06c345f36daff992f210f456010a,,,,,https://www.instagram.com/p/Dc7hN0iTo2L/,Dc7hN0iTo2L,bugiocentro,2026-09-06T03:01:40.000Z,"💥💥BAILE BLACK com @dj_monra_ofc 💥💥

MADRUGADA A DENTRO

Gratuito para clientes! A pista tá quente!!!",Video,"[""https://instagram.fsyd12-1.fna.fbcdn.net/v/t51.82787-15/798261819_18473646982115878_6092164994794218406_n.jpg?stp=dst-jpg_e15_tt6&_nc_cat=101&ig_cache_key=Mzk3OTkyMDc4MTAxMDE3NzQxOTE4NDczNjQ2OTc5MTE1ODc4.3-ccb7-5&ccb=7-5&_nc_sid=58cdad&efg=eyJ2ZW5jb2RlX3RhZyI6IkNMSVBTLnhwaWRzLjEyODQuc2RyLnZpZGVvX2RlZmF1bHRfY292ZXJfZnJhbWUuQzIifQ%3D%3D&_nc_ohc=Xj6zl-ZN2fIQ7kNvwEEcmjX&_nc_oc=AdrfaCnJaoWeeLI7EA4WrDNa5XMK6dJcStLkGnc0VCx8c3Sq8Qqs78A84vfpopYe9Bc&_nc_ad=z-m&_nc_cid=0&_nc_zt=23&_nc_ht=instagram.fsyd12-1.fna&_nc_gid=fvk8I0yxw7p0gR22FGBWpg&_nc_ss=7a22e&oh=00_AQK97CrmNog63AABx3aRujO_350ZZ52b1ceOSxIU6rs-xg&oe=6AAD0979""]"
76d72f97049c895c8498cd544654169591125737ea16f6ea01d4fd98c36f3800,,,,,https://www.instagram.com/p/Dc7agsYMaDN/,Dc7agsYMaDN,setorialhumanidadesfloripa,2026-09-06T02:01:33.000Z,"Muitos detalhes importantes nesse vídeo sobre o 1° Festival Literário de Florianópolis que está sendo feito, nesta edição, de forma coletiva e independente.

Aqui, um pouquinho sobre a Setorial de Literatura, o Conselho de Cultura, políticas públicas e quem está  fazendo esta edição do Festival. 

Pergunta: você reconhece algum autor ou autora catarinense na estante de livros atrás da @gikavoigtproduz ?",Video,"[""https://instagram.fadl7-2.fna.fbcdn.net/v/t51.82787-15/796582535_18102180575620922_7659603309728984920_n.jpg?stp=dst-jpg_e15_tt6&_nc_cat=108&ig_cache_key=Mzk3OTg5MTI5MTU5NTA1NTMwOTE4MTAyMTgwNTcyNjIwOTIy.3-ccb7-5&ccb=7-5&_nc_sid=58cdad&efg=eyJ2ZW5jb2RlX3RhZyI6IkNMSVBTLnhwaWRzLjExNzAuc2RyLnZpZGVvX2RlZmF1bHRfY292ZXJfZnJhbWUuQzMifQ%3D%3D&_nc_ohc=isCoHkv3rEsQ7kNvwF86xM7&_nc_oc=AdovJyAG0RBatquOgnfHezUtnH4OPPqVFPIu-VoHGJyPOkw04vNzjOUip02pYyqKNdU&_nc_ad=z-m&_nc_cid=0&_nc_zt=23&_nc_ht=instagram.fadl7-2.fna&_nc_gid=BNgpocSDkC5yddBwDu-7vQ&_nc_ss=7a22e&oh=00_AQJVQ6iMJuYGllSR4XXurORPZ78DTF_fF4IDes4Xu7OvNg&oe=6AACF0C9""]"
44ced57d016270c269c2a39706cf5cbf889f0136b0bc1fcdf7a48a3dd76e2f11,,,,,https://www.instagram.com/p/Dc6kPRQg048/,Dc6kPRQg048,fundacaoculturalbadesc,2026-09-05T18:07:21.000Z,"Confira alguns registros da oficina “Imagens que criam mundos: narrativas da paisagem, do amor e das ausências na história da arte”, ministrada por Marlen De Martino.

O curso visou discutir como as representações da natureza, das cenas de amor, da violência e do sofrimento na história da arte estão vinculados a dimensões estéticas, históricas e éticas. 

#FundaçãoCulturalBadesc #Florianópolis #ArtesVisuais #Cultura #Arte",Video,"[""https://instagram.fmid1-4.fna.fbcdn.net/v/t51.82787-15/797903916_18328065433277782_644530512022849116_n.jpg?stp=dst-jpg_e15_tt6&_nc_cat=108&ig_cache_key=Mzk3OTY1MjU5OTczMjQ1NzAyMDE4MzI4MDY1NDMwMjc3Nzgy.3-ccb7-5&ccb=7-5&_nc_sid=58cdad&efg=eyJ2ZW5jb2RlX3RhZyI6IkNMSVBTLnhwaWRzLjcyMC5zZHIudmlkZW9fZGVmYXVsdF9jb3Zlcl9mcmFtZS5DMyJ9&_nc_ohc=t6b9tDCwz28Q7kNvwH8Pya4&_nc_oc=AdphUZRIt6puhXkOE29O4laP6pEjAn2RnGkOXfCBcLOWYVQhm_rOLVyS-L1hG2GPwds&_nc_ad=z-m&_nc_cid=0&_nc_zt=23&_nc_ht=instagram.fmid1-4.fna&_nc_gid=9xD8vo9fCN-RpDhiWcn1cA&_nc_ss=7a22e&oh=00_AQKVySxKMV3ft7L83Gj-6qzU82hJBsDC3hVaxnAoQbWikQ&oe=6AAD142F""]"
20eac90ca0cca24571251fb33e64de665fa9a2b8a54547a83d349702a90a374e,,,,,https://www.instagram.com/p/Dc6SB1tOTDZ/,Dc6SB1tOTDZ,bugiotrindade,2026-09-05T15:29:12.000Z,"SEGUNDA O CHORO AQUI É DE FELICIDADE 🎶🍻

A Roda de Choro Bugio toma conta do salão com um repertório que celebra grandes nomes do gênero e mostra toda a riqueza dessa tradição brasileira.

Som agradável, clima gostoso, chope gelado e comida saindo da cozinha pra acompanhar a noite.

Vem curtir essa roda com a gente!

Toda segunda-feira
Bar às 17h | Roda às 19h30
Contribuição sugerida: R$20

Espaço acessível para pessoas cadeirantes
Música ao vivo com volume alto
Cardápio acessível com vídeo em LIBRAS

EVENTO COLABORATIVO! APOIAR OS CHORO? GOSTOSO DEMAIS!",Image,"[""https://scontent-cdg4-2.cdninstagram.com/v/t51.82787-15/797471398_18018165959923638_2020689971933946965_n.jpg?stp=dst-jpg_e35_tt6&_nc_cat=109&ig_cache_key=Mzk3OTU3MjUxMTk1ODk3MDU4NQ%3D%3D.3-ccb7-5&ccb=7-5&_nc_sid=58cdad&efg=eyJ2ZW5jb2RlX3RhZyI6IkZFRUQueHBpZHMuMTM1MC5zZHIucmVndWxhcl9waG90by5DMyJ9&_nc_ohc=7CrGYFAGMiYQ7kNvwFqj7G5&_nc_oc=AdptoPDoq6iE7YpnEyCt_c5-GwbIapEp6JOsGzU9WWXle85gBnJStcR4Kg2cpdP3KGx4MzETnfnchz0EzqAlmzSa&_nc_ad=z-m&_nc_cid=0&_nc_zt=23&_nc_ht=scontent-cdg4-2.cdninstagram.com&_nc_gid=W0ff41uguApcD0cXCL3Kog&_nc_ss=7a22e&oh=00_AQLW--4We-TijAguoatgUPdCOwZj2C6Be0o58ja25nbQpg&oe=6AACE6E0""]"
ed56834782538e5e4a07d34c5dcd8da70f25ec755aa1c1d98096e0f9be4b606c,,,,,https://www.instagram.com/p/Dc6L5CwlCFk/,Dc6L5CwlCFk,bugiocentro,2026-09-05T14:33:35.000Z,"FERIADÃO DA INDEPENDÊNCIA E A GENTE LEMBRA QUE O CENTRO-LESTE É DEMOCRÁTICO!!! 🇧🇷🍻🥁
Tem rolê pra todos os gostos, independente!! E nesse finde tá especialmente cremoso. Vê só:

〰️ SÁBADOS DA BUGIO
11H30 | ABERTURA DO BAR
Com a melhor Feijoada do Centro Leste, garantimos o seu almoço de Sábado até ás 17h!

14H | CHORO MULHERIL🔸
A maior roda de mulheres no choro do país acontece todos os sábados aqui na rua Victor Meirelles! 

17H30 | SAMBA DA ANTONIETA🔸
A roda de samba mais clássica de Floripa nunca falha e todo sábado chega com muita brasilidade na Victor Meirelles!

22H30 | BAILE BLACK COM DEEJAY MON-RÁ
A noite de sábado com a Black Music do Deejay Mon-rá vai invadir nosso salão! | Gratuito para Clientes

〰️ DOMINGO
12H | ABERTURA DO BAR com FEIJOADA até às 17H!
13H | SAMBA DO LARGO🔸
Todo domingo recebemos o Samba do Largo para um início de tarde muito especial !

17H | VINILARIA BUGIO🔸
É a segunda edição desse projeto que traz pro Largo da Antonieta a discotecagem em vinil com a cara da Bugio! 

22H30 | ARRUDA SESSIONS
Uma noite de domingo para lavar a alma e cair na pista com a DJ Pretana e Castelan! | Gratuito para Clientes

〰️SEGUNDA
17H | SAMBA DA DEMOCRACIA🔸
Vamos celebrar nossa independência com muito Samba com Quarteto Marimbondo recebendo Bárbara Damásio para uma super apresentação no Largo da Antonieta!

🔸= Eventos Colaborativos! Valorize os artistas!",Sidecar,"[""https://instagram.fyzd1-2.fna.fbcdn.net/v/t51.82787-15/798455487_18473553052115878_6283757587276317198_n.jpg?stp=dst-jpg_e35_tt6&_nc_cat=107&ig_cache_key=Mzk3OTUzOTAyMzYyMTEwNTk1Nw%3D%3D.3-ccb7-5&ccb=7-5&_nc_sid=58cdad&efg=eyJ2ZW5jb2RlX3RhZyI6IkNBUk9VU0VMX0lURU0ueHBpZHMuMTA4MC5zZHIucmVndWxhcl9waG90by5DMyJ9&_nc_ohc=vfZcV5jFLQ0Q7kNvwEfS4lL&_nc_oc=Adq028G9kIaPd8uinV2AL91FxkzMI6UVPw748pEgHnAzDVc_acYB8s1OmeEvFnnlitk&_nc_ad=z-m&_nc_cid=0&_nc_zt=23&_nc_ht=instagram.fyzd1-2.fna&_nc_gid=bTxJVS8hofXHeXhIamlBLQ&_nc_ss=7a22e&oh=00_AQLDpSab6-TWxNMg-Xhklp16sHfIU_zF9OqZ8h3UnwiW-w&oe=6AAD0A56"", ""https://instagram.fyzd1-2.fna.fbcdn.net/v/t51.82787-15/793001653_18473553085115878_5451135654355026310_n.jpg?stp=dst-jpg_e35_tt6&_nc_cat=102&ig_cache_key=Mzk3OTUzOTAyNTg4NjkyMjQ4NA%3D%3D.3-ccb7-5&ccb=7-5&_nc_sid=58cdad&efg=eyJ2ZW5jb2RlX3RhZyI6IkNBUk9VU0VMX0lURU0ueHBpZHMuMTA4MC5zZHIucmVndWxhcl9waG90by5DMyJ9&_nc_ohc=K1_UUw2l12IQ7kNvwExQqjT&_nc_oc=Adp4x36EPB9-mNaFE5WulCnhp0_unAkUltY_yMZWmZg50OEFVWWZ2W8qck46Ks0pfoo&_nc_ad=z-m&_nc_cid=0&_nc_zt=23&_nc_ht=instagram.fyzd1-2.fna&_nc_gid=bTxJVS8hofXHeXhIamlBLQ&_nc_ss=7a22e&oh=00_AQKPjDYeC3uJ0fvKO1OcMVtVD_gulgDgKjszNpvV8fIiug&oe=6AACFFFF"", ""https://instagram.fyzd1-2.fna.fbcdn.net/v/t51.82787-15/796438808_18473553073115878_2669111337734772145_n.jpg?stp=dst-jpg_e35_tt6&_nc_cat=110&ig_cache_key=Mzk3OTUzOTAyNjQ2NTcwMzAwOA%3D%3D.3-ccb7-5&ccb=7-5&_nc_sid=58cdad&efg=eyJ2ZW5jb2RlX3RhZyI6IkNBUk9VU0VMX0lURU0ueHBpZHMuMTA4MC5zZHIucmVndWxhcl9waG90by5DMyJ9&_nc_ohc=lrlGtsyWxoUQ7kNvwGdgGvD&_nc_oc=AdpdkiHRTuV8ts9VtcUP13qH9OtPmclWSmRGIiH9y5NRvMG6WqYfW7GrOkuAJeFSxK4&_nc_ad=z-m&_nc_cid=0&_nc_zt=23&_nc_ht=instagram.fyzd1-2.fna&_nc_gid=bTxJVS8hofXHeXhIamlBLQ&_nc_ss=7a22e&oh=00_AQJuxI4z9b8ptGiGHNNLAES2oHGkqUTwJaparY5gJnvHwQ&oe=6AACFA67"", ""https://instagram.fyzd1-2.fna.fbcdn.net/v/t51.82787-15/797903751_18473553061115878_3171994865898934102_n.jpg?stp=dst-jpg_e35_tt6&_nc_cat=102&ig_cache_key=Mzk3OTUzOTAyNjQwNTkyNDEyMg%3D%3D.3-ccb7-5&ccb=7-5&_nc_sid=58cdad&efg=eyJ2ZW5jb2RlX3RhZyI6IkNBUk9VU0VMX0lURU0ueHBpZHMuMTA4MC5zZHIucmVndWxhcl9waG90by5DMyJ9&_nc_ohc=i8em87aBAfkQ7kNvwFj-hcx&_nc_oc=AdrYRFBlGAdMxMyxYNnDqh3CictbAAZw3HfBP20FriUYqVbL4Sj1iNKIXdCRMhIUn_s&_nc_ad=z-m&_nc_cid=0&_nc_zt=23&_nc_ht=instagram.fyzd1-2.fna&_nc_gid=bTxJVS8hofXHeXhIamlBLQ&_nc_ss=7a22e&oh=00_AQIVvy3_1Gql49ee-_xleXKkHdWqptICef0L3cm7f5-8tQ&oe=6AAD0D8A"", ""https://www.instagram.com/p/Dc6KahQvakl/"", ""https://www.instagram.com/p/Dc6KajXy0b0/"", ""https://www.instagram.com/p/Dc6Kaj6SsRg/"", ""https://www.instagram.com/p/Dc6Kaj2up0a/""]"
45f92673e0a2de716475896816f0e5ddf030ca9eaab34fef39e6bec965f48ebd,,,,,https://www.instagram.com/p/Dc4s1GbDOBQ/,Dc4s1GbDOBQ,setorialhumanidadesfloripa,2026-09-05T00:42:56.000Z,"COMUNICADO - 1º Festival Literário de Florianópolis

A organização coletiva e independente do 1º Festival Literário de Florianópolis recebeu uma solicitação e resolveu acolher e atender.

Existe um outro evento literário que acontece em Florianópolis que usa a mesma sigla (FLIF) que estávamos usando.

Quando pesquisamos sobre o  nome não encontramos nenhum outro evento com o mesmo nome. Só que não pesquisamos a sigla. Erro nosso.

Sabemos que é comum que eventos literários tenham siglas como FLIF, FLI, FLIP. Depois do aviso, fizemos uma busca e encontramos vários FLIFs.

Talvez juridicamente nem fosse um problema (descobrimos que existe uma certa dificuldade em se  registrar sigla como marca) mas entendemos que por respeito aos nossos pares e por questões éticas podemos alterar a nossa sigla a partir daqui.

E... pra deixar tudo mais leve e divertido, que tal aproveitar esse limão e fazer uma limonada?

Precisamos de uma nova sigla para o 1º Festival Literário de Florianópolis.
Vote em qual você acha mais interessante:

1 - 1º FLiFlo
2 - 1º FLiFa
3 - 1º FeLiFlo
4 - 1º FeLiF

OU sugira outra sigla!
Queremos você nessa com a gente!

O 1º Festival Literário de Florianópolis é uma realização de:

• Setorial de Humanidades, Leitura e Literatura
• Feira de Publicações Coletivo Elza
• Baiacu de Alguém
• Livraria Latinas
• Pipa Festival
• Leia Mulheres Floripa
• Sarau Quinta Maldita
• Poesia em Círculo
• Deck da Esquina
• Feira de Literatura Indígena
• LEICA - Levante de Editoras Independentes CAtarinenses

e quem mais chegar...

vote na enquete e nos conte porque escolheu essa sigla.",Sidecar,"[""https://instagram.fyvr3-1.fna.fbcdn.net/v/t51.82787-15/795462847_18102032630620922_112374683117963251_n.jpg?stp=dst-jpg_e35_tt6&_nc_cat=101&ig_cache_key=Mzk3OTEyMDgwODYzNzQzOTMxMw%3D%3D.3-ccb7-5&ccb=7-5&_nc_sid=58cdad&efg=eyJ2ZW5jb2RlX3RhZyI6IkNBUk9VU0VMX0lURU0ueHBpZHMuMTA4MC5zZHIucmVndWxhcl9waG90by5DMiJ9&_nc_ohc=2ZxWaDaUKz4Q7kNvwECg6xQ&_nc_oc=AdqrwJSo4j1kb8XARNI8RNFerONoZhFoNCnnktETpW4Cq-4hDbN0foEHnOBtBtwrh3F7k8bYx7qYIir8JCxjNKmB&_nc_ad=z-m&_nc_cid=0&_nc_zt=23&_nc_ht=instagram.fyvr3-1.fna&_nc_gid=TPlLuTG8NrmLuP8DJd4MrA&_nc_ss=7a22e&oh=00_AQK-BFODBG8dBTg0pnhaNijZ1mJzmHW5Kwn6S3LxO0aDSQ&oe=6AACF6A3"", ""https://instagram.fyvr4-1.fna.fbcdn.net/v/t51.82787-15/795287977_18102032591620922_634202850369902451_n.jpg?stp=dst-jpg_e35_tt6&_nc_cat=111&ig_cache_key=Mzk3OTEyMDgwODY0NTcwODMxNA%3D%3D.3-ccb7-5&ccb=7-5&_nc_sid=58cdad&efg=eyJ2ZW5jb2RlX3RhZyI6IkNBUk9VU0VMX0lURU0ueHBpZHMuMTA4MC5zZHIucmVndWxhcl9waG90by5DMiJ9&_nc_ohc=0hXKuSUV_40Q7kNvwHh_fk1&_nc_oc=Adrp7rBRXs8rxrh3hQPN5QxDMSzeVsrYW_wlsowp3xjG6i_XecVyGCVC38smVs9zC3R-C52VJf00V5bsrz2WQ05Z&_nc_ad=z-m&_nc_cid=0&_nc_zt=23&_nc_ht=instagram.fyvr4-1.fna&_nc_gid=TPlLuTG8NrmLuP8DJd4MrA&_nc_ss=7a22e&oh=00_AQI92w93TT4HChA_vLzNcUQ3S1K_XI71SjcVFmG-fWq5rg&oe=6AAD1566"", ""https://instagram.fyvr3-1.fna.fbcdn.net/v/t51.82787-15/794413128_18102032618620922_1199727512194349689_n.jpg?stp=dst-jpg_e35_tt6&_nc_cat=104&ig_cache_key=Mzk3OTEyMDgwODEwMDU5OTEyNQ%3D%3D.3-ccb7-5&ccb=7-5&_nc_sid=58cdad&efg=eyJ2ZW5jb2RlX3RhZyI6IkNBUk9VU0VMX0lURU0ueHBpZHMuMTA4MC5zZHIucmVndWxhcl9waG90by5DMiJ9&_nc_ohc=m_AcBzjNIzcQ7kNvwHy9tfI&_nc_oc=AdrPjmjT8W9_gDyJKSkjVbgUjfNagyjp6iLek8RUNVHUMq-ZE4NSd_zecOy9Tm8GnDcUDXZDHePrQVQP3tuUOiDP&_nc_ad=z-m&_nc_cid=0&_nc_zt=23&_nc_ht=instagram.fyvr3-1.fna&_nc_gid=TPlLuTG8NrmLuP8DJd4MrA&_nc_ss=7a22e&oh=00_AQLCjAnDbrRMSWmkF63jR3p-ePjEajnmGmyQr3kPWyFMmg&oe=6AACDF9B"", ""https://instagram.fyvr4-1.fna.fbcdn.net/v/t51.82787-15/796637110_18102032621620922_3144589282865039955_n.jpg?stp=dst-jpg_e35_tt6&_nc_cat=110&ig_cache_key=Mzk3OTEyMDgwODE5Mjg5NjY1Mg%3D%3D.3-ccb7-5&ccb=7-5&_nc_sid=58cdad&efg=eyJ2ZW5jb2RlX3RhZyI6IkNBUk9VU0VMX0lURU0ueHBpZHMuMTA4MC5zZHIucmVndWxhcl9waG90by5DMiJ9&_nc_ohc=xw7J3elxaLkQ7kNvwEnZYl0&_nc_oc=AdoXkyAvXw1LovmHCos6p-MwEC_nSCV5qBQN-ZWK3MI0zFQlzf7vSgkzssCt40y2WENl3NWnj8iNs1kfxk1p9d8b&_nc_ad=z-m&_nc_cid=0&_nc_zt=23&_nc_ht=instagram.fyvr4-1.fna&_nc_gid=TPlLuTG8NrmLuP8DJd4MrA&_nc_ss=7a22e&oh=00_AQJ6PXRuWI6AOyEtE5BgvvAdZ_X5M6_aoMlYqFtvLuk3jA&oe=6AACE161"", ""https://instagram.fyvr3-1.fna.fbcdn.net/v/t51.82787-15/794192601_18102032651620922_6977731034480450186_n.jpg?stp=dst-jpg_e35_tt6&_nc_cat=104&ig_cache_key=Mzk3OTEyMDgxMTAzNjQ4OTMxMg%3D%3D.3-ccb7-5&ccb=7-5&_nc_sid=58cdad&efg=eyJ2ZW5jb2RlX3RhZyI6IkNBUk9VU0VMX0lURU0ueHBpZHMuMTA4MC5zZHIucmVndWxhcl9waG90by5DMiJ9&_nc_ohc=ZnTXJ3RCfhUQ7kNvwHBDqJ4&_nc_oc=AdofV7nvvcCdtlr4h6fgoADrWRM3v36yjS32PH4NfyMk6vm_DEYjy3sUnowN6jS3RkHVgGRvJ-eHr7tSfmbS7ChW&_nc_ad=z-m&_nc_cid=0&_nc_zt=23&_nc_ht=instagram.fyvr3-1.fna&_nc_gid=TPlLuTG8NrmLuP8DJd4MrA&_nc_ss=7a22e&oh=00_AQIr-n90dFc7lp2gjBbTG3rbsUb7JIsyOrNfDPOi_aWrTw&oe=6AACF3BF"", ""https://instagram.fyvr3-1.fna.fbcdn.net/v/t51.82787-15/796852696_18102032639620922_6614426303176934280_n.jpg?stp=dst-jpg_e35_tt6&_nc_cat=107&ig_cache_key=Mzk3OTEyMDgwOTI3NTAyMDgyOA%3D%3D.3-ccb7-5&ccb=7-5&_nc_sid=58cdad&efg=eyJ2ZW5jb2RlX3RhZyI6IkNBUk9VU0VMX0lURU0ueHBpZHMuMTA4MC5zZHIucmVndWxhcl9waG90by5DMiJ9&_nc_ohc=7AT82OffvEYQ7kNvwGwWBfq&_nc_oc=Adr734m8Bb9tJ5ucAGPwbsg6U7EcrU3iEMGzQKmDcOfp00GVfz9fXza-JX305u943ldVnIB_-vxcx-y18AWxSptK&_nc_ad=z-m&_nc_cid=0&_nc_zt=23&_nc_ht=instagram.fyvr3-1.fna&_nc_gid=TPlLuTG8NrmLuP8DJd4MrA&_nc_ss=7a22e&oh=00_AQJWkEkQtIqJQWbnuYIcjqULr7j_BiQRTX0ZWlZLTdszmg&oe=6AACE334"", ""https://instagram.fyvr3-1.fna.fbcdn.net/v/t51.82787-15/794357627_18102032699620922_3819505718374311400_n.jpg?stp=dst-jpg_e35_tt6&_nc_cat=104&ig_cache_key=Mzk3OTEyMDgwOTU5MzU5ODQ4Mg%3D%3D.3-ccb7-5&ccb=7-5&_nc_sid=58cdad&efg=eyJ2ZW5jb2RlX3RhZyI6IkNBUk9VU0VMX0lURU0ueHBpZHMuMTA4MC5zZHIucmVndWxhcl9waG90by5DMiJ9&_nc_ohc=XU3zILZ4jbcQ7kNvwHQZJ6F&_nc_oc=AdqKTCa9hMC-WSz_uJIaEtyBbV4tFJFrCCxvPXidTKG89Gowal8B6WZgPZVhoaqtgp5Hp2WH8u-gp0QqmYOKOfsU&_nc_ad=z-m&_nc_cid=0&_nc_zt=23&_nc_ht=instagram.fyvr3-1.fna&_nc_gid=TPlLuTG8NrmLuP8DJd4MrA&_nc_ss=7a22e&oh=00_AQLbpjE2KwlAAg0S-yBayTsuDtMWe58m-HFJQDVDVoumuw&oe=6AAD1184"", ""https://instagram.fyvr3-1.fna.fbcdn.net/v/t51.82787-15/796268898_18102032609620922_7321893882925939796_n.jpg?stp=dst-jpg_e35_tt6&_nc_cat=103&ig_cache_key=Mzk3OTEyMDgwOTA5MDM5NzI5Nw%3D%3D.3-ccb7-5&ccb=7-5&_nc_sid=58cdad&efg=eyJ2ZW5jb2RlX3RhZyI6IkNBUk9VU0VMX0lURU0ueHBpZHMuMTA4MC5zZHIucmVndWxhcl9waG90by5DMiJ9&_nc_ohc=N2XwVo9r1E0Q7kNvwHe5JrI&_nc_oc=AdrzuiTd1QbVemJnTcoQ_CysDvwCuFo3ON_z6miysxWT8KDO6XUWqL5CqFnU54WEFk46tVqY73XUvPKTe2LbY1Mv&_nc_ad=z-m&_nc_cid=0&_nc_zt=23&_nc_ht=instagram.fyvr3-1.fna&_nc_gid=TPlLuTG8NrmLuP8DJd4MrA&_nc_ss=7a22e&oh=00_AQKPEM_NEbPnz7Ao2zFsxu6v5FECKLt2soJjWebIx26rfg&oe=6AAD0F8C"", ""https://instagram.fyvr3-1.fna.fbcdn.net/v/t51.82787-15/794585035_18102032594620922_5388705085098564369_n.jpg?stp=dst-jpg_e35_tt6&_nc_cat=106&ig_cache_key=Mzk3OTEyMDgwODgxMzY0MzIwNg%3D%3D.3-ccb7-5&ccb=7-5&_nc_sid=58cdad&efg=eyJ2ZW5jb2RlX3RhZyI6IkNBUk9VU0VMX0lURU0ueHBpZHMuMTA4MC5zZHIucmVndWxhcl9waG90by5DMiJ9&_nc_ohc=KkqBWyd4hPUQ7kNvwFw7umk&_nc_oc=AdqzbjUWmzm5pcte88RQRWK4cgo3nVvxUDAruenjI-zjrvzeNgp9NT9JSkzZplK5dI6uG9WrphH0PoS7Ji9sJeXP&_nc_ad=z-m&_nc_cid=0&_nc_zt=23&_nc_ht=instagram.fyvr3-1.fna&_nc_gid=TPlLuTG8NrmLuP8DJd4MrA&_nc_ss=7a22e&oh=00_AQIJK6Klgu9iLJVQhdWfLTWsAHgqcSWeQliJfT8Y5Jr0AQ&oe=6AACE751"", ""https://instagram.fyvr3-1.fna.fbcdn.net/v/t51.82787-15/794294724_18102032672620922_2772379511641661902_n.jpg?stp=dst-jpg_e35_tt6&_nc_cat=102&ig_cache_key=Mzk3OTEyMDgxMDAxMzA4MTE0NA%3D%3D.3-ccb7-5&ccb=7-5&_nc_sid=58cdad&efg=eyJ2ZW5jb2RlX3RhZyI6IkNBUk9VU0VMX0lURU0ueHBpZHMuMTA4MC5zZHIucmVndWxhcl9waG90by5DMiJ9&_nc_ohc=KrdgKEPa1cYQ7kNvwEa91zj&_nc_oc=AdqF2Uj9jjxnVhGC_cASd5Bc2r_a6vlYK7VPx71VMysnpiQ9FH8Sv0GTT-kPo8PZ8IUSCHvSMvlDR26ji3cQBPXX&_nc_ad=z-m&_nc_cid=0&_nc_zt=23&_nc_ht=instagram.fyvr3-1.fna&_nc_gid=TPlLuTG8NrmLuP8DJd4MrA&_nc_ss=7a22e&oh=00_AQL75XXJaTsR544npiyyjeicESTem8w1d70sfWKkpPiuTA&oe=6AAD1283"", ""https://instagram.fyvr3-1.fna.fbcdn.net/v/t51.82787-15/794222733_18102032735620922_1091659639666253863_n.jpg?stp=dst-jpg_e35_tt6&_nc_cat=106&ig_cache_key=Mzk3OTEyMDgyMDA3OTU1NDI4Mg%3D%3D.3-ccb7-5&ccb=7-5&_nc_sid=58cdad&efg=eyJ2ZW5jb2RlX3RhZyI6IkNBUk9VU0VMX0lURU0ueHBpZHMuMTA4MC5zZHIucmVndWxhcl9waG90by5DMiJ9&_nc_ohc=4Lcu0GCbEVUQ7kNvwEm-l5w&_nc_oc=AdrxwPpGkhFMeWJNPALGgTzl0NOAVuTd7kxfgTm_NbvxErabhwGEngGhgncGzKBTa0x8gJOUAFnqesKbgtrD3ory&_nc_ad=z-m&_nc_cid=0&_nc_zt=23&_nc_ht=instagram.fyvr3-1.fna&_nc_gid=TPlLuTG8NrmLuP8DJd4MrA&_nc_ss=7a22e&oh=00_AQIgFeLRjfp6-XiPnkt9LD_UTooSBPLUDoZKZKE7g7Kawg&oe=6AACF6E2"", ""https://instagram.fyvr4-1.fna.fbcdn.net/v/t51.82787-15/794484737_18102032753620922_91272575550926037_n.jpg?stp=dst-jpg_e35_tt6&_nc_cat=111&ig_cache_key=Mzk3OTEyMDgyMTIyMDI5MDE2MA%3D%3D.3-ccb7-5&ccb=7-5&_nc_sid=58cdad&efg=eyJ2ZW5jb2RlX3RhZyI6IkNBUk9VU0VMX0lURU0ueHBpZHMuMTA4MC5zZHIucmVndWxhcl9waG90by5DMiJ9&_nc_ohc=IqhQcb6xPssQ7kNvwHLDc32&_nc_oc=AdqXVOTidY3GMI_3_HwUG8x1MjMn3efFwq2AlEA2qHRKUZcqaNU7XNBXEuYaEZfucrzTNMBVR-8PLSgCm8zAsuT6&_nc_ad=z-m&_nc_cid=0&_nc_zt=23&_nc_ht=instagram.fyvr4-1.fna&_nc_gid=TPlLuTG8NrmLuP8DJd4MrA&_nc_ss=7a22e&oh=00_AQISh0bj2_BD9iH4TBn3kUuWDSIyxDEzraTul_CzRfsrZg&oe=6AACE647"", ""https://instagram.fyvr3-1.fna.fbcdn.net/v/t51.82787-15/796095572_18102032744620922_1194692841609365983_n.jpg?stp=dst-jpg_e35_tt6&_nc_cat=102&ig_cache_key=Mzk3OTEyMDgyMTYzOTYyNTg1NQ%3D%3D.3-ccb7-5&ccb=7-5&_nc_sid=58cdad&efg=eyJ2ZW5jb2RlX3RhZyI6IkNBUk9VU0VMX0lURU0ueHBpZHMuMTA4MC5zZHIucmVndWxhcl9waG90by5DMiJ9&_nc_ohc=AKk5JLj8eJEQ7kNvwG8sQlx&_nc_oc=AdokblSJSBg2A03hOjLz7BtAgyI97OICvu1_iNIn87nJ3G5BbnDvxCAxWQVRAP_02SkSxLj6xQuPryEKKc5M2TjD&_nc_ad=z-m&_nc_cid=0&_nc_zt=23&_nc_ht=instagram.fyvr3-1.fna&_nc_gid=TPlLuTG8NrmLuP8DJd4MrA&_nc_ss=7a22e&oh=00_AQJkYQLgc1xlItOf9_TktaahIHo1XmJF3YRvImSb2q_HwA&oe=6AACECD8"", ""https://www.instagram.com/p/Dc4rUsNMx1R/"", ""https://www.instagram.com/p/Dc4rUsNsUoa/"", ""https://www.instagram.com/p/Dc4rUrtM5VV/"", ""https://www.instagram.com/p/Dc4rUrys-6M/"", ""https://www.instagram.com/p/Dc4rUucMbZg/"", ""https://www.instagram.com/p/Dc4rUszM9Yc/"", ""https://www.instagram.com/p/Dc4rUtGMPIS/"", ""https://www.instagram.com/p/Dc4rUsoMrRx/"", ""https://www.instagram.com/p/Dc4rUsXs8XG/"", ""https://www.instagram.com/p/Dc4rUtfMb44/"", ""https://www.instagram.com/p/Dc4rU23M-7q/"", ""https://www.instagram.com/p/Dc4rU37Mi5w/"", ""https://www.instagram.com/p/Dc4rU4UMLx_/""]"
97ce5f284ca755829c35e986a655d1693e8dff86903db6d2f2659658dd15c666,,,,,https://www.instagram.com/p/Dc4YV4Qv78y/,Dc4YV4Qv78y,oaracabotequim,2026-09-04T21:47:22.000Z,"SAMBA COM GABRIEL ROSA ❤️‍🔥 PRÉ-FERIADO NO ARAÇÁ‼️

Olha a noite que preparamos pra vocês!
Nesse domingo, 06.09 temos O Rosa no conhecido Samba do Araçá, na Lagoa da Conceição com ENTRADA GRATUITA até as 18h!

O Samba começa as 19h, a gente se encontra no domingo ❤️ 

#oaracabotequim #sambadoaraca #orosa #gabrielrosa #sambafloripa",Image,"[""https://scontent-nrt6-1.cdninstagram.com/v/t51.82787-15/792133784_18280140874290806_6118934494751441508_n.jpg?stp=dst-jpg_e35_tt6&_nc_cat=110&ig_cache_key=Mzk3OTAzNzMyNzQxNzY1NTA5MA%3D%3D.3-ccb7-5&ccb=7-5&_nc_sid=58cdad&efg=eyJ2ZW5jb2RlX3RhZyI6IkZFRUQueHBpZHMuMTQ0MC5zZHIucmVndWxhcl9waG90by5DMyJ9&_nc_ohc=BgylD8RmLAIQ7kNvwFko91o&_nc_oc=Adpq87XktrNOklWE1VkfrK-w1LlTLoL7EjH_IEFl1iO8Nsc-KAalO50rpsPq6uWINDo&_nc_ad=z-m&_nc_cid=0&_nc_zt=23&_nc_ht=scontent-nrt6-1.cdninstagram.com&_nc_gid=gT3E2kmNiZbGliITdogo7A&_nc_ss=7a22e&oh=00_AQJVHWFq9ydh9idJJXAFd9M-d8B7rBAHhxAQyp3ULvyoIQ&oe=6AAD06E9""]"
179791da1a77497e2b455f39193fdc301d19c37c762eb0170fce502d89184db5,,,,,https://www.instagram.com/p/Dc4WzeMDuPd/,Dc4WzeMDuPd,fundacaoculturalbadesc,2026-09-04T21:30:03.000Z,"Durante os meses de agosto e setembro foi realizada a oficina “Imagens que criam mundos: narrativas da paisagem, do amor e das ausências na história da arte”, ministrada por Marlen De Martino. O curso visou discutir como as representações da natureza, das cenas de amor, da violência e do sofrimento na história da arte estão vinculados a dimensões estéticas, históricas e éticas. 

O Ciclo de Oficinas 2026 ainda oferecerá cursos ao longo do ano, divulgados nas redes sociais e site da Fundação.

*Publicação com texto alternativo.

#FundaçãoCulturalBadesc #Florianópolis #ArtesVisuais #ParaTodosVerem #Arte",Sidecar,"[""https://scontent-dus1-1.cdninstagram.com/v/t51.82787-15/792053730_18327924421277782_263825038579235380_n.jpg?stp=dst-jpg_e35_tt6&_nc_cat=102&ig_cache_key=Mzk3ODk0NDkyMTQzNjMxOTU4MQ%3D%3D.3-ccb7-5&ccb=7-5&_nc_sid=58cdad&efg=eyJ2ZW5jb2RlX3RhZyI6IkNBUk9VU0VMX0lURU0ueHBpZHMuMjczMC5zZHIucmVndWxhcl9waG90by5DMyJ9&_nc_ohc=gKr8SGjQRbIQ7kNvwG4gtO5&_nc_oc=AdpHGvL1j1C-Pr0qy-B5OpVNqV46ZZ2dPFbjrLjI21hZAFvhd0B0BE_CnTBuJU6nWes&_nc_ad=z-m&_nc_cid=0&_nc_zt=23&_nc_ht=scontent-dus1-1.cdninstagram.com&_nc_gid=78vYCelg_JSaIOeRJryN4A&_nc_ss=7a22e&oh=00_AQLI177UnUPteL6BZoVBbM6oGCqWuOt4OGUpsRGhUfdV6A&oe=6AAD0B15"", ""https://scontent-dus1-1.cdninstagram.com/v/t51.82787-15/794295129_18327924430277782_4732406676898463788_n.jpg?stp=dst-jpg_e35_tt6&_nc_cat=105&ig_cache_key=Mzk3ODk0NDkyMTc1NTA3MzQxMQ%3D%3D.3-ccb7-5&ccb=7-5&_nc_sid=58cdad&efg=eyJ2ZW5jb2RlX3RhZyI6IkNBUk9VU0VMX0lURU0ueHBpZHMuMjczMC5zZHIucmVndWxhcl9waG90by5DMyJ9&_nc_ohc=Eb2ttDiQsR0Q7kNvwGZR9NU&_nc_oc=AdrAuPbasPjCIo-C0heAGwZp8g4QXHmH6AstvfGexw5M3jQiZkfCtl_Fql2dsa7iDaQ&_nc_ad=z-m&_nc_cid=0&_nc_zt=23&_nc_ht=scontent-dus1-1.cdninstagram.com&_nc_gid=78vYCelg_JSaIOeRJryN4A&_nc_ss=7a22e&oh=00_AQLHz95QhK7RPuxXxC0gPH6E7zx0EjuJUOCOY0y6tsuMuw&oe=6AACF96E"", ""https://scontent-dus1-1.cdninstagram.com/v/t51.82787-15/796903769_18327924466277782_7520188031079606200_n.jpg?stp=dst-jpg_e35_tt6&_nc_cat=105&ig_cache_key=Mzk3ODk0NDkyMTMyNzI4ODE4OA%3D%3D.3-ccb7-5&ccb=7-5&_nc_sid=58cdad&efg=eyJ2ZW5jb2RlX3RhZyI6IkNBUk9VU0VMX0lURU0ueHBpZHMuMjczMC5zZHIucmVndWxhcl9waG90by5DMyJ9&_nc_ohc=UgWDkbgPgskQ7kNvwGj2YGf&_nc_oc=AdpLPQcgqnkvdGzr5azFK7ZjvJAGjtduAQZgLNzeW4pDQNE_rhRilsF6u6jRlv1HTsw&_nc_ad=z-m&_nc_cid=0&_nc_zt=23&_nc_ht=scontent-dus1-1.cdninstagram.com&_nc_gid=78vYCelg_JSaIOeRJryN4A&_nc_ss=7a22e&oh=00_AQJIcqc685rbPReOZ1UHR5x1V-eJ7LNcj8604LDSf3B-ag&oe=6AAD06F5"", ""https://scontent-dus1-1.cdninstagram.com/v/t51.82787-15/793245306_18327924454277782_8984783572655952813_n.jpg?stp=dst-jpg_e35_tt6&_nc_cat=104&ig_cache_key=Mzk3ODk0NDkyMTc3MTg1MjIxNQ%3D%3D.3-ccb7-5&ccb=7-5&_nc_sid=58cdad&efg=eyJ2ZW5jb2RlX3RhZyI6IkNBUk9VU0VMX0lURU0ueHBpZHMuMjczMC5zZHIucmVndWxhcl9waG90by5DMyJ9&_nc_ohc=CcZzLGCyas4Q7kNvwGkqmG7&_nc_oc=Adov_1qbJ68f6uksdsE6T38fQAUTK56okXJEnpfvYCT1Yh_PbRdqoT3S_LDVEBx3kmQ&_nc_ad=z-m&_nc_cid=0&_nc_zt=23&_nc_ht=scontent-dus1-1.cdninstagram.com&_nc_gid=78vYCelg_JSaIOeRJryN4A&_nc_ss=7a22e&oh=00_AQIv7F2AtVkbIGHDkrZ6ujE_F1gohIrQcw3Jk9t0ZQchyQ&oe=6AACDF41"", ""https://scontent-dus1-1.cdninstagram.com/v/t51.82787-15/791327213_18327924487277782_2684889495053299007_n.jpg?stp=dst-jpg_e35_tt6&_nc_cat=110&ig_cache_key=Mzk3ODk0NDkyMTc2MzQ2NjMyMA%3D%3D.3-ccb7-5&ccb=7-5&_nc_sid=58cdad&efg=eyJ2ZW5jb2RlX3RhZyI6IkNBUk9VU0VMX0lURU0ueHBpZHMuMjczMC5zZHIucmVndWxhcl9waG90by5DMyJ9&_nc_ohc=Q7xFVjQp3N8Q7kNvwHGu7hW&_nc_oc=Ado7mgxKAYdTcOfZA32seeO9v0GpLCXv57vFvmbwHPUisBCPfds2irquHi2ua2hRCok&_nc_ad=z-m&_nc_cid=0&_nc_zt=23&_nc_ht=scontent-dus1-1.cdninstagram.com&_nc_gid=78vYCelg_JSaIOeRJryN4A&_nc_ss=7a22e&oh=00_AQIqSBmHR2DeWX4SjwU7O9D6hcGYLHQRKNiuJ_2aUYH4vA&oe=6AAD0F7B"", ""https://scontent-dus1-1.cdninstagram.com/v/t51.82787-15/793001643_18327924499277782_8621159296342717802_n.jpg?stp=dst-jpg_e35_tt6&_nc_cat=103&ig_cache_key=Mzk3ODk0NDkyMTQwMjc5NTYwNA%3D%3D.3-ccb7-5&ccb=7-5&_nc_sid=58cdad&efg=eyJ2ZW5jb2RlX3RhZyI6IkNBUk9VU0VMX0lURU0ueHBpZHMuMjczMC5zZHIucmVndWxhcl9waG90by5DMyJ9&_nc_ohc=GsgIqW8KkPUQ7kNvwFjWpGu&_nc_oc=AdproWEVr_dhTq01WpN8pKtxsALhHJeQ9XMpTZdkwIHcWd-nywvq1LmUezn4BDiBMlI&_nc_ad=z-m&_nc_cid=0&_nc_zt=23&_nc_ht=scontent-dus1-1.cdninstagram.com&_nc_gid=78vYCelg_JSaIOeRJryN4A&_nc_ss=7a22e&oh=00_AQLT08sb3H7Lol5_ZHiwxRJ42JB91T_7kND67etkPZXvrQ&oe=6AACDF6B"", ""https://scontent-dus1-1.cdninstagram.com/v/t51.82787-15/794032618_18327924517277782_4767223184813520933_n.jpg?stp=dst-jpg_e35_tt6&_nc_cat=111&ig_cache_key=Mzk3ODk0NDkyMTU3ODkzNTU0OA%3D%3D.3-ccb7-5&ccb=7-5&_nc_sid=58cdad&efg=eyJ2ZW5jb2RlX3RhZyI6IkNBUk9VU0VMX0lURU0ueHBpZHMuMjczMC5zZHIucmVndWxhcl9waG90by5DMyJ9&_nc_ohc=O6hvzn7PVDEQ7kNvwHbSiLL&_nc_oc=AdosNWhbqyqT9okgHH2XeqQUVVNUpijMbecm4BAQShkx3FOJfqordsJHr3VA9fjyNDI&_nc_ad=z-m&_nc_cid=0&_nc_zt=23&_nc_ht=scontent-dus1-1.cdninstagram.com&_nc_gid=78vYCelg_JSaIOeRJryN4A&_nc_ss=7a22e&oh=00_AQJmjQTQYK759NzF2sSyOk0pFJH_-fgiU-mnPnw1PEsJTw&oe=6AACEDFE"", ""https://scontent-dus1-1.cdninstagram.com/v/t51.82787-15/793902298_18327924508277782_5204028151059502537_n.jpg?stp=dst-jpg_e35_tt6&_nc_cat=105&ig_cache_key=Mzk3ODk0NDkyMTU4NzMwNTg0Mw%3D%3D.3-ccb7-5&ccb=7-5&_nc_sid=58cdad&efg=eyJ2ZW5jb2RlX3RhZyI6IkNBUk9VU0VMX0lURU0ueHBpZHMuMjczMC5zZHIucmVndWxhcl9waG90by5DMyJ9&_nc_ohc=cMfa0UMCAdkQ7kNvwEf8Iuz&_nc_oc=Ado2IBZmytGMcZnqOKtoJS26CNaOtTN5lsXA6wFVt5lL9Oi6xunhVcPykB0VWu_VxeA&_nc_ad=z-m&_nc_cid=0&_nc_zt=23&_nc_ht=scontent-dus1-1.cdninstagram.com&_nc_gid=78vYCelg_JSaIOeRJryN4A&_nc_ss=7a22e&oh=00_AQJTnMgLCfNFSsCkigkIue5gQbMrNOmo85lBbzkIM9VO0Q&oe=6AACE8AE"", ""https://www.instagram.com/p/Dc4DVMfDm9d/"", ""https://www.instagram.com/p/Dc4DVMyDjuD/"", ""https://www.instagram.com/p/Dc4DVMYjr98/"", ""https://www.instagram.com/p/Dc4DVMzDkG3/"", ""https://www.instagram.com/p/Dc4DVMyjkxQ/"", ""https://www.instagram.com/p/Dc4DVMdDuZU/"", ""https://www.instagram.com/p/Dc4DVMnjpT8/"", ""https://www.instagram.com/p/Dc4DVMoDk1z/""]"
b840e07c826b02159758f8ead539920f7cc0162954e611a1a935cd159b5c7f28,,,,,https://www.instagram.com/p/Dc4Oq8CGN3z/,Dc4Oq8CGN3z,kumba.groove,2026-09-04T20:19:24.000Z,"Show lindão que rolou ontem na @bugiotrindade 💥

Nosso agradecimento a todas as pessoas envolvidas nessa noite que com certeza marca nossa história! Foi bom demais ver o público curtindo e pedindo bis das nossas músicas, ouvindo com atenção nesse espaço acolhedor que é a Bugio. 

A gente fica muito na pira de compor mas parar e compartilhar ao vivo pra gente interessada é muito daora. Viva a música instrumental autoral!",Sidecar,"[""https://instagram.fbcn4-1.fna.fbcdn.net/v/t51.82787-15/795913058_18132789367730262_5836977966635991083_n.jpg?stp=dst-jpg_e35_tt6&_nc_cat=101&ig_cache_key=Mzk3ODk5MDkzODQwNzc0NzI5OA%3D%3D.3-ccb7-5&ccb=7-5&_nc_sid=58cdad&efg=eyJ2ZW5jb2RlX3RhZyI6IkNBUk9VU0VMX0lURU0ueHBpZHMuNzIyLnNkci5yZWd1bGFyX3Bob3RvLkMzIn0%3D&_nc_ohc=JWUNAEnFy_oQ7kNvwFB1-7d&_nc_oc=AdrWPVF5Gnjw2JbPr0qltFuBW7yCPbLzSO_WmsXKlEmbL73Sd8A-8Ppf1JmtVuLjB_4&_nc_ad=z-m&_nc_cid=0&_nc_zt=23&_nc_ht=instagram.fbcn4-1.fna&_nc_gid=SN_mmy9ePy5bPd2ERdqdeg&_nc_ss=7a22e&oh=00_AQLVS-NXyN-T6RPqCJ8a0HwMwetaG0yNpT5aoR8NZ4pYzA&oe=6AACEEFA"", ""https://instagram.fbcn4-1.fna.fbcdn.net/v/t51.82787-15/795385616_18132789376730262_2769553468774334183_n.jpg?stp=dst-jpg_e35_tt6&_nc_cat=105&ig_cache_key=Mzk3ODk5MDk0MjE5MTAyOTA3MQ%3D%3D.3-ccb7-5&ccb=7-5&_nc_sid=58cdad&efg=eyJ2ZW5jb2RlX3RhZyI6IkNBUk9VU0VMX0lURU0ueHBpZHMuNzIwLnNkci5yZWd1bGFyX3Bob3RvLkMzIn0%3D&_nc_ohc=bEzZ8DKU7scQ7kNvwHakS0X&_nc_oc=AdqfimMClxBi8ay31fWiPcefdixFeFJMCM7OutJYuo46XTbB7RikRJcDxq0cs3Larlo&_nc_ad=z-m&_nc_cid=0&_nc_zt=23&_nc_ht=instagram.fbcn4-1.fna&_nc_gid=SN_mmy9ePy5bPd2ERdqdeg&_nc_ss=7a22e&oh=00_AQLbp7BSyKh3V_qeXPv0amTn8eMFAwjoREf7i1-ndJ1lWQ&oe=6AAD0C1B"", ""https://instagram.fbcn4-1.fna.fbcdn.net/v/t51.82787-15/793945622_18132789385730262_4679113620004301185_n.jpg?stp=dst-jpg_e35_tt6&_nc_cat=105&ig_cache_key=Mzk3ODk5MDk0Mzg1MTk1MTI3NQ%3D%3D.3-ccb7-5&ccb=7-5&_nc_sid=58cdad&efg=eyJ2ZW5jb2RlX3RhZyI6IkNBUk9VU0VMX0lURU0ueHBpZHMuNzIwLnNkci5yZWd1bGFyX3Bob3RvLkMzIn0%3D&_nc_ohc=YXHe-Im3BwwQ7kNvwH-hfB7&_nc_oc=Adp_ahYYlswWxQ21Xz6O4T2aB-kNTgKbZSraRG_5ozpSwm_Oj1bnRZ3_UJhWAfDbHUE&_nc_ad=z-m&_nc_cid=0&_nc_zt=23&_nc_ht=instagram.fbcn4-1.fna&_nc_gid=SN_mmy9ePy5bPd2ERdqdeg&_nc_ss=7a22e&oh=00_AQJzcI2EgmtPMLvmJOxlLwFsJGDUOm1JbGEOL7D8WjTahA&oe=6AAD043F"", ""https://instagram.fbcn4-2.fna.fbcdn.net/v/t51.82787-15/793867405_18132789463730262_5135188886026686142_n.jpg?stp=dst-jpg_e35_tt6&_nc_cat=100&ig_cache_key=Mzk3ODk5MDk0NDk5Mjg3MTA5MQ%3D%3D.3-ccb7-5&ccb=7-5&_nc_sid=58cdad&efg=eyJ2ZW5jb2RlX3RhZyI6IkNBUk9VU0VMX0lURU0ueHBpZHMuNzIwLnNkci5yZWd1bGFyX3Bob3RvLkMzIn0%3D&_nc_ohc=Cv1fs57bxN0Q7kNvwG0IurK&_nc_oc=AdouVTMd0DITI6swfODm7geaEi0v6TzCoCkbfOd4dz1X_RhxERIJooMSgbXCIKbpxYc&_nc_ad=z-m&_nc_cid=0&_nc_zt=23&_nc_ht=instagram.fbcn4-2.fna&_nc_gid=SN_mmy9ePy5bPd2ERdqdeg&_nc_ss=7a22e&oh=00_AQK_7D2pGg8J5rmdVcM9YhEER3GWUBHYNZMPb6XQOiv5wQ&oe=6AAD0704"", ""https://instagram.fbcn4-1.fna.fbcdn.net/v/t51.82787-15/795385619_18132789394730262_3303495052449579331_n.jpg?stp=dst-jpg_e35_tt6&_nc_cat=108&ig_cache_key=Mzk3ODk5MDk0NTAzNDczMjk0Ng%3D%3D.3-ccb7-5&ccb=7-5&_nc_sid=58cdad&efg=eyJ2ZW5jb2RlX3RhZyI6IkNBUk9VU0VMX0lURU0ueHBpZHMuNzIwLnNkci5yZWd1bGFyX3Bob3RvLkMzIn0%3D&_nc_ohc=DGML2sPctV8Q7kNvwE20vrX&_nc_oc=AdoL1w7ap5FTLrBpwyBcMYd8IXCpQRcAmPRwB9oBfDFceqc29qmCmD5uOO24a8FNNmw&_nc_ad=z-m&_nc_cid=0&_nc_zt=23&_nc_ht=instagram.fbcn4-1.fna&_nc_gid=SN_mmy9ePy5bPd2ERdqdeg&_nc_ss=7a22e&oh=00_AQIB8plRqpcELzcTP0pwXjTHB6TJ_sH62o_IRLMYkAw80w&oe=6AACDFAD"", ""https://instagram.fbcn4-2.fna.fbcdn.net/v/t51.82787-15/794725060_18132789403730262_3259799524455338027_n.jpg?stp=dst-jpg_e35_tt6&_nc_cat=100&ig_cache_key=Mzk3ODk5MDk0NjIxNzU1MTI5Ng%3D%3D.3-ccb7-5&ccb=7-5&_nc_sid=58cdad&efg=eyJ2ZW5jb2RlX3RhZyI6IkNBUk9VU0VMX0lURU0ueHBpZHMuMTI3OS5zZHIucmVndWxhcl9waG90by5DMyJ9&_nc_ohc=S0QF-IH6N30Q7kNvwEAOQEe&_nc_oc=Adr0_QRakolnqD8Wf5T1TFZpTdRAEc03ge1oRqPk4n7PFRA2i97v_a2d-YeHUDHCCvI&_nc_ad=z-m&_nc_cid=0&_nc_zt=23&_nc_ht=instagram.fbcn4-2.fna&_nc_gid=SN_mmy9ePy5bPd2ERdqdeg&_nc_ss=7a22e&oh=00_AQIlYE-firug8Ye59Hx6F9_iXTgFCmpXTOB56QUbVg_RMw&oe=6AACDF35"", ""https://instagram.fbcn4-2.fna.fbcdn.net/v/t51.82787-15/797204853_18132789427730262_7653304412025056323_n.jpg?stp=dst-jpg_e35_tt6&_nc_cat=106&ig_cache_key=Mzk3ODk5MDk0NjM3Njc1MTAyNg%3D%3D.3-ccb7-5&ccb=7-5&_nc_sid=58cdad&efg=eyJ2ZW5jb2RlX3RhZyI6IkNBUk9VU0VMX0lURU0ueHBpZHMuNzIwLnNkci5yZWd1bGFyX3Bob3RvLkMzIn0%3D&_nc_ohc=jm8p-XgrXC4Q7kNvwFOEDU-&_nc_oc=Ado6agqB4H3ATD6Dgm8dZkjCe8I_UG6y-vkem74ZbKxCD2OxNNT1_2HVSLDpr2KAQMk&_nc_ad=z-m&_nc_cid=0&_nc_zt=23&_nc_ht=instagram.fbcn4-2.fna&_nc_gid=SN_mmy9ePy5bPd2ERdqdeg&_nc_ss=7a22e&oh=00_AQIhuj1o1wG27a28FKbHLgcw3TQpV_fUyWrUQIDuJ7nX-A&oe=6AAD1648"", ""https://instagram.fbcn4-1.fna.fbcdn.net/v/t51.82787-15/794192583_18132789442730262_6847011174539854866_n.jpg?stp=dst-jpg_e35_tt6&_nc_cat=105&ig_cache_key=Mzk3ODk5MDk0NjQxODcwMzEyMQ%3D%3D.3-ccb7-5&ccb=7-5&_nc_sid=58cdad&efg=eyJ2ZW5jb2RlX3RhZyI6IkNBUk9VU0VMX0lURU0ueHBpZHMuMTI3OS5zZHIucmVndWxhcl9waG90by5DMyJ9&_nc_ohc=uHXf0zbkGvQQ7kNvwGnl8-Q&_nc_oc=AdoINIYGmNNS7nEQCxj3V6LOdspXmmd3bXxwaFGcl2EQ90Eu8BT1oTRtRbFHzOGL5Vo&_nc_ad=z-m&_nc_cid=0&_nc_zt=23&_nc_ht=instagram.fbcn4-1.fna&_nc_gid=SN_mmy9ePy5bPd2ERdqdeg&_nc_ss=7a22e&oh=00_AQI0retemwjKeHKlktcNh2DJX4Ydz6cg2qr5z51xwThmTA&oe=6AACEB95"", ""https://instagram.fbcn4-1.fna.fbcdn.net/v/t51.82787-15/794192574_18132789439730262_5652866501542839003_n.jpg?stp=dst-jpg_e35_tt6&_nc_cat=109&ig_cache_key=Mzk3ODk5MDk0NzIzMjQ3MzYyNA%3D%3D.3-ccb7-5&ccb=7-5&_nc_sid=58cdad&efg=eyJ2ZW5jb2RlX3RhZyI6IkNBUk9VU0VMX0lURU0ueHBpZHMuNzE3LnNkci5yZWd1bGFyX3Bob3RvLkMzIn0%3D&_nc_ohc=WS-oZoehdXYQ7kNvwEnOxhI&_nc_oc=AdrAga7agm2NaCJYwwlNs71lMjKPvGB60bDPNG35de3QxyMEJYSQvjWxf-WFzmFJOUg&_nc_ad=z-m&_nc_cid=0&_nc_zt=23&_nc_ht=instagram.fbcn4-1.fna&_nc_gid=SN_mmy9ePy5bPd2ERdqdeg&_nc_ss=7a22e&oh=00_AQJHTxPZ5_XSDji6nxtcpMExpG8CC416_YFoSAjkxbGGaA&oe=6AAD06AB"", ""https://instagram.fbcn4-1.fna.fbcdn.net/v/t51.82787-15/793678019_18132789466730262_1611753156032561189_n.jpg?stp=dst-jpg_e35_tt6&_nc_cat=110&ig_cache_key=Mzk3ODk5MDk0NzE3Mzc4NzgxNg%3D%3D.3-ccb7-5&ccb=7-5&_nc_sid=58cdad&efg=eyJ2ZW5jb2RlX3RhZyI6IkNBUk9VU0VMX0lURU0ueHBpZHMuMTI3OS5zZHIucmVndWxhcl9waG90by5DMyJ9&_nc_ohc=Yk9vmd49kkkQ7kNvwH0RCfy&_nc_oc=AdpSwTRwnxreqKbDWewSf6HqzO_6KqwsW6A_c8xOE9WUFhYUsQ6YsQXt1LhroRoFD1g&_nc_ad=z-m&_nc_cid=0&_nc_zt=23&_nc_ht=instagram.fbcn4-1.fna&_nc_gid=SN_mmy9ePy5bPd2ERdqdeg&_nc_ss=7a22e&oh=00_AQK7yCMHf0f7mu2QegbAYJUPXCsq6dhxlp2LAy4CnSNY3g&oe=6AACF726"", ""https://instagram.fbcn4-1.fna.fbcdn.net/v/t51.82787-15/796438802_18132789526730262_3321540385799299279_n.jpg?stp=dst-jpg_e35_tt6&_nc_cat=109&ig_cache_key=Mzk3ODk5MDk1ODY0OTM4NzIyMA%3D%3D.3-ccb7-5&ccb=7-5&_nc_sid=58cdad&efg=eyJ2ZW5jb2RlX3RhZyI6IkNBUk9VU0VMX0lURU0ueHBpZHMuMTI3OS5zZHIucmVndWxhcl9waG90by5DMyJ9&_nc_ohc=ujwcA9kDgFoQ7kNvwFcBjgd&_nc_oc=AdrHJFvlUFPSZpDNuUmJ2TvhxtuhR70bon-VIFP31xF1X_IW862efc3pdJTcVMi3N08&_nc_ad=z-m&_nc_cid=0&_nc_zt=23&_nc_ht=instagram.fbcn4-1.fna&_nc_gid=SN_mmy9ePy5bPd2ERdqdeg&_nc_ss=7a22e&oh=00_AQLjYf-oQRvVykdDXqXesbnFPAK4Xd35SiB0qS99orbkGQ&oe=6AACE591"", ""https://instagram.fbcn4-1.fna.fbcdn.net/v/t51.82787-15/796637158_18132789517730262_3342257811160534796_n.jpg?stp=dst-jpg_e35_tt6&_nc_cat=110&ig_cache_key=Mzk3ODk5MDk1OTIzNjU3MjUxNQ%3D%3D.3-ccb7-5&ccb=7-5&_nc_sid=58cdad&efg=eyJ2ZW5jb2RlX3RhZyI6IkNBUk9VU0VMX0lURU0ueHBpZHMuNzIwLnNkci5yZWd1bGFyX3Bob3RvLkMzIn0%3D&_nc_ohc=W3xO2XyiVyUQ7kNvwGWkEbd&_nc_oc=AdqX3HoZdUnjgTSIg_mO4ydExdGT4of1IHv3eKbeU6WnRENVXUaXQwbRtazn6aF8wuc&_nc_ad=z-m&_nc_cid=0&_nc_zt=23&_nc_ht=instagram.fbcn4-1.fna&_nc_gid=SN_mmy9ePy5bPd2ERdqdeg&_nc_ss=7a22e&oh=00_AQJqFr7PWS0ny2jMsyJPWM9dENBtB31ZImwjl_OrK5XBFg&oe=6AAD0019"", ""https://instagram.fbcn4-2.fna.fbcdn.net/v/t51.82787-15/795000990_18132789538730262_4566691750788361636_n.jpg?stp=dst-jpg_e35_tt6&_nc_cat=111&ig_cache_key=Mzk3ODk5MDk2MDAxNjg0MzU2NQ%3D%3D.3-ccb7-5&ccb=7-5&_nc_sid=58cdad&efg=eyJ2ZW5jb2RlX3RhZyI6IkNBUk9VU0VMX0lURU0ueHBpZHMuNzIyLnNkci5yZWd1bGFyX3Bob3RvLkMzIn0%3D&_nc_ohc=Nff-rySiOdEQ7kNvwGe9T2q&_nc_oc=AdomPvWTaDPI2oL2Fgb3a6lbsmCK_zRcI-LXM3iCxA9KSz8mFMPe-x9oKd-1M8cCqeI&_nc_ad=z-m&_nc_cid=0&_nc_zt=23&_nc_ht=instagram.fbcn4-2.fna&_nc_gid=SN_mmy9ePy5bPd2ERdqdeg&_nc_ss=7a22e&oh=00_AQLcNq_JocW6-Dr01OlCSg2BKKw7YZZrBucz8RlC5ORs8w&oe=6AACF009"", ""https://instagram.fbcn4-1.fna.fbcdn.net/v/t51.82787-15/795385631_18132789763730262_4951083346742387505_n.jpg?stp=dst-jpg_e15_tt6&_nc_cat=105&ig_cache_key=Mzk3ODk5MDk5NTMyMDc5NDg3OA%3D%3D.3-ccb7-5&ccb=7-5&_nc_sid=58cdad&efg=eyJ2ZW5jb2RlX3RhZyI6IkNBUk9VU0VMX0lURU0ueHBpZHMuNzIwLnNkci52aWRlb19kZWZhdWx0X2NvdmVyX2ZyYW1lLkMzIn0%3D&_nc_ohc=CjQn8aVSRroQ7kNvwEbz12y&_nc_oc=AdonO7LFpLI5x3VQ8xpeLGIpn_UyZ0hiWKtObejsXA1XiVS2oAreS_zf45pZ2y05EbI&_nc_ad=z-m&_nc_cid=0&_nc_zt=23&_nc_ht=instagram.fbcn4-1.fna&_nc_gid=SN_mmy9ePy5bPd2ERdqdeg&_nc_ss=7a22e&oh=00_AQKRlIpKfVIz6xdBQQPBJP63xBi8LZjEV7wdpkXKuYCLfg&oe=6AACE7C7"", ""https://www.instagram.com/p/Dc4Ny1ISr7i/"", ""https://www.instagram.com/p/Dc4Ny4pywtP/"", ""https://www.instagram.com/p/Dc4Ny6MyrSr/"", ""https://www.instagram.com/p/Dc4Ny7Qy8Kz/"", ""https://www.instagram.com/p/Dc4Ny7TSoWS/"", ""https://www.instagram.com/p/Dc4Ny8ZyuXA/"", ""https://www.instagram.com/p/Dc4Ny8jSBey/"", ""https://www.instagram.com/p/Dc4Ny8lyDsR/"", ""https://www.instagram.com/p/Dc4Ny9WSWIY/"", ""https://www.instagram.com/p/Dc4Ny9Syeio/"", ""https://www.instagram.com/p/Dc4NzH-yajU/"", ""https://www.instagram.com/p/Dc4NzIhyWVj/"", ""https://www.instagram.com/p/Dc4NzJQS2Mt/"", ""https://www.instagram.com/p/Dc4NzqIku7-/""]"
b6a718d0a652a859c19f2e485efb85e97cf7a4910affd4d0974e55b26b69db5a,,,,,https://www.instagram.com/p/Dc4GqNLEaxO/,Dc4GqNLEaxO,bugiolab,2026-09-04T19:09:23.000Z,"SETEMBRO CHEGOU recheado de arte, encontros e aprendizados para movimentar o seu mês! ✨💫

Nossa programação traz uma variedade de oficinas e eventos pensados para todos os públicos: do canto à cerâmica, passando por dança, tecnologia e atividades para as crianças. É a oportunidade perfeita para aprender uma nova habilidade, soltar a criatividade e ocupar o espaço com muita troca.

Confira a agenda completa de atrações e garanta seu lugar:

🗓️10/09 (Quinta)
A MOSTRA de Processos aulas de canto, violão e percussão — Salão da Bugio

🗓️12/09 (Sábado)
Encontro Coletiva Linha dos Desterro — Gratuito na rua
Encontro Modelo Vivo— 16h 

🗓️15/09 (Terça)
Vozes à Solta (Oficina de Canto) com Rodrigo Mancusi — 19h 

🗓️ 19/09 (Sábado)
Bordado como Instrumento Subversivo com Luana Lopes
Canecas em Cerâmica com Thaís Dutra

🗓️ 25/09 (Sexta)
Aulão Gratuito de Forró com Prof. Baby Trindade

🗓️ 26/09 (Sábado)
Oficina de Carimbos Monstruosos para Crianças com Marceli Mengarda — 13h 
Oficina de Crochê com Maiara (Lala) — 13h 
Laboratório de Impressão 3D com Luli e Mau — 13h 

🔗 Inscrições e informações detalhadas no link da bio! As vagas para as oficinas são limitadas, então já corre para garantir a sua. Nos vemos por aqui!

#hobby #OficinasSetembro #ProgramacaoCultural",Sidecar,"[""https://scontent-bos5-1.cdninstagram.com/v/t51.82787-15/796941348_17953371897250034_3781261788593233695_n.jpg?stp=dst-jpg_e35_tt6&_nc_cat=108&ig_cache_key=Mzk3ODk1NzEwNzAxNzI0MjE1Mw%3D%3D.3-ccb7-5&ccb=7-5&_nc_sid=58cdad&efg=eyJ2ZW5jb2RlX3RhZyI6IkNBUk9VU0VMX0lURU0ueHBpZHMuMTA4MC5zZHIucmVndWxhcl9waG90by5DMyJ9&_nc_ohc=1jCjvdT4XxgQ7kNvwHGL8MJ&_nc_oc=Adqd7xs_xeOEMfGgKA--V7HTLng1Al0nMCQd__E1P8FVu0uO1p0D84co75AQv-gZNlI&_nc_ad=z-m&_nc_cid=0&_nc_zt=23&_nc_ht=scontent-bos5-1.cdninstagram.com&_nc_gid=1VybPjbobaf5j0deIO7cIQ&_nc_ss=7a22e&oh=00_AQKz5o3H1K0r65v04xnL96HjDQfUS7I83Do5ICcwwqALwA&oe=6AAD0893"", ""https://scontent-bos5-1.cdninstagram.com/v/t51.82787-15/795438477_17953371900250034_7624229350463926732_n.jpg?stp=dst-jpg_e35_tt6&_nc_cat=111&ig_cache_key=Mzk3ODk1NzEwNzY3OTczMDQ2NA%3D%3D.3-ccb7-5&ccb=7-5&_nc_sid=58cdad&efg=eyJ2ZW5jb2RlX3RhZyI6IkNBUk9VU0VMX0lURU0ueHBpZHMuMTA4MC5zZHIucmVndWxhcl9waG90by5DMyJ9&_nc_ohc=4PkX7-juf7QQ7kNvwH6nnSB&_nc_oc=Adqe4MrSfBtqf47B0GjVNSKRv8qu7KTJsj8Hox1iARb4FTE8raRctQolNajjtm8yCGM&_nc_ad=z-m&_nc_cid=0&_nc_zt=23&_nc_ht=scontent-bos5-1.cdninstagram.com&_nc_gid=1VybPjbobaf5j0deIO7cIQ&_nc_ss=7a22e&oh=00_AQLKX0YkjbrJ1Cbr3fyblzBcemODCIj9YFT6rUL09FinAQ&oe=6AACFB86"", ""https://scontent-bos5-1.cdninstagram.com/v/t51.82787-15/795946638_17953371909250034_7231954285119664160_n.jpg?stp=dst-jpg_e35_tt6&_nc_cat=101&ig_cache_key=Mzk3ODk1NzEwODY2OTYyNzI5MA%3D%3D.3-ccb7-5&ccb=7-5&_nc_sid=58cdad&efg=eyJ2ZW5jb2RlX3RhZyI6IkNBUk9VU0VMX0lURU0ueHBpZHMuMTA4MC5zZHIucmVndWxhcl9waG90by5DMyJ9&_nc_ohc=4BKinbzzp2kQ7kNvwEL85l2&_nc_oc=AdqMqV8aPpnSMkeOAcbvlz1-NAO3CSObZ04nRG9ASShfRQzKCJSG-8w0RMYKW2SjNok&_nc_ad=z-m&_nc_cid=0&_nc_zt=23&_nc_ht=scontent-bos5-1.cdninstagram.com&_nc_gid=1VybPjbobaf5j0deIO7cIQ&_nc_ss=7a22e&oh=00_AQJXDh5szXM0I_A9St4bb4Vbqw_AF0ny741ssjiNqy3amw&oe=6AAD08F1"", ""https://scontent-bos5-1.cdninstagram.com/v/t51.82787-15/795583264_17953371918250034_8532745030624252752_n.jpg?stp=dst-jpg_e35_tt6&_nc_cat=100&ig_cache_key=Mzk3ODk1NzEwOTUzMzczNDI1OQ%3D%3D.3-ccb7-5&ccb=7-5&_nc_sid=58cdad&efg=eyJ2ZW5jb2RlX3RhZyI6IkNBUk9VU0VMX0lURU0ueHBpZHMuMTA4MC5zZHIucmVndWxhcl9waG90by5DMyJ9&_nc_ohc=ovZeWK_QbGcQ7kNvwHklX9w&_nc_oc=AdrcrzCvXT_I66rmkrNG3uLbYZ4Jtz3aUxLEVlPV8RjjkhpRGC1ivA9RnkbpbAwDTe8&_nc_ad=z-m&_nc_cid=0&_nc_zt=23&_nc_ht=scontent-bos5-1.cdninstagram.com&_nc_gid=1VybPjbobaf5j0deIO7cIQ&_nc_ss=7a22e&oh=00_AQIu_FP9Gef5TG6i-ydNOIik53KRexf48DL3JnIVX0X2uQ&oe=6AACE7D2"", ""https://scontent-bos5-1.cdninstagram.com/v/t51.82787-15/796941354_17953371930250034_881408826471555166_n.jpg?stp=dst-jpg_e35_tt6&_nc_cat=103&ig_cache_key=Mzk3ODk1NzExMDMxNDAwMTM3NQ%3D%3D.3-ccb7-5&ccb=7-5&_nc_sid=58cdad&efg=eyJ2ZW5jb2RlX3RhZyI6IkNBUk9VU0VMX0lURU0ueHBpZHMuMTA4MC5zZHIucmVndWxhcl9waG90by5DMyJ9&_nc_ohc=fxZKQGwhAEAQ7kNvwFwjUU0&_nc_oc=Adpd3I8BtzTqtOKT4GE7sp9IP6hcQMq50s-7haPyi1PB2OdIZvpFJZ3X5PbQsruORG8&_nc_ad=z-m&_nc_cid=0&_nc_zt=23&_nc_ht=scontent-bos5-1.cdninstagram.com&_nc_gid=1VybPjbobaf5j0deIO7cIQ&_nc_ss=7a22e&oh=00_AQIlpHGRYgO5B03jkvwAZsZvVNfkzwtckG3nmkXWgxhGWQ&oe=6AACFCF4"", ""https://scontent-bos5-1.cdninstagram.com/v/t51.82787-15/794903499_17953371981250034_6998097112982032509_n.jpg?stp=dst-jpg_e35_tt6&_nc_cat=100&ig_cache_key=Mzk3ODk1NzExMTk1ODA0ODg0NA%3D%3D.3-ccb7-5&ccb=7-5&_nc_sid=58cdad&efg=eyJ2ZW5jb2RlX3RhZyI6IkNBUk9VU0VMX0lURU0ueHBpZHMuMTI4NC5zZHIucmVndWxhcl9waG90by5DMyJ9&_nc_ohc=aNFy_TDFPxYQ7kNvwHFNGQ0&_nc_oc=AdqVna5Ws1tGbn-7znhRe8yGmCk_dzbiLHLjAW4S77dR7ETjyKKv9_bAYlgTk3qtQqU&_nc_ad=z-m&_nc_cid=0&_nc_zt=23&_nc_ht=scontent-bos5-1.cdninstagram.com&_nc_gid=1VybPjbobaf5j0deIO7cIQ&_nc_ss=7a22e&oh=00_AQLpEf46PzBPbN44-GZ2j-p3ZlS7PsjARlJhH0VnnHQigQ&oe=6AACE03D"", ""https://scontent-bos5-1.cdninstagram.com/v/t51.82787-15/795767249_17953371960250034_4421987551862876080_n.jpg?stp=dst-jpg_e35_tt6&_nc_cat=105&ig_cache_key=Mzk3ODk1NzExMjc4MDI1NzU2Nw%3D%3D.3-ccb7-5&ccb=7-5&_nc_sid=58cdad&efg=eyJ2ZW5jb2RlX3RhZyI6IkNBUk9VU0VMX0lURU0ueHBpZHMuMTA4MC5zZHIucmVndWxhcl9waG90by5DMyJ9&_nc_ohc=KEyIN0AQ1TYQ7kNvwEueYuM&_nc_oc=Adrz4IIGJoMISCJUB1CKZabhHFFvIgcy7t2D8F3QtOAk9OFEshFAsvsnRXZTXAHs5Ak&_nc_ad=z-m&_nc_cid=0&_nc_zt=23&_nc_ht=scontent-bos5-1.cdninstagram.com&_nc_gid=1VybPjbobaf5j0deIO7cIQ&_nc_ss=7a22e&oh=00_AQIkDyjZK560vbEg-BAHSY2SOjbyg4Sx5RqQiqQr4KwpMQ&oe=6AACFE63"", ""https://scontent-bos5-1.cdninstagram.com/v/t51.82787-15/794141157_17953372032250034_1753842518369723371_n.jpg?stp=dst-jpg_e35_tt6&_nc_cat=106&ig_cache_key=Mzk3ODk1NzExNDEzOTA3MDc2NQ%3D%3D.3-ccb7-5&ccb=7-5&_nc_sid=58cdad&efg=eyJ2ZW5jb2RlX3RhZyI6IkNBUk9VU0VMX0lURU0ueHBpZHMuMTA4MC5zZHIucmVndWxhcl9waG90by5DMyJ9&_nc_ohc=R0faacmqFiAQ7kNvwES5N6i&_nc_oc=AdpppFQJ0Sz8Qlsq4epg4mNwSqL4dcFsGRdsO_lD1kYBBvpSbKdsuw68TlaQI6iRg5g&_nc_ad=z-m&_nc_cid=0&_nc_zt=23&_nc_ht=scontent-bos5-1.cdninstagram.com&_nc_gid=1VybPjbobaf5j0deIO7cIQ&_nc_ss=7a22e&oh=00_AQLOi2tToNUYaCe0WG2P6D2L5aUf_VrIZDw4QEj0VW7UZg&oe=6AACEB6B"", ""https://scontent-bos5-1.cdninstagram.com/v/t51.82787-15/796515274_17953371993250034_4729983206750786917_n.jpg?stp=dst-jpg_e35_tt6&_nc_cat=103&ig_cache_key=Mzk3ODk1NzExNTU4MTkwNjQ1OQ%3D%3D.3-ccb7-5&ccb=7-5&_nc_sid=58cdad&efg=eyJ2ZW5jb2RlX3RhZyI6IkNBUk9VU0VMX0lURU0ueHBpZHMuMTA4MC5zZHIucmVndWxhcl9waG90by5DMyJ9&_nc_ohc=JA43k32X_ckQ7kNvwG7zf_x&_nc_oc=AdpYE9CBnKQ_QiSsZedPG1pOPAx0Gu6MG7v4oyscLh7g-MBjDdSy0CBLm8dy6x3o0hE&_nc_ad=z-m&_nc_cid=0&_nc_zt=23&_nc_ht=scontent-bos5-1.cdninstagram.com&_nc_gid=1VybPjbobaf5j0deIO7cIQ&_nc_ss=7a22e&oh=00_AQJamEphSuBPMKDhlYAK019Wsnv29ssJC3v22UfNONsVbg&oe=6AAD00EF"", ""https://scontent-bos5-1.cdninstagram.com/v/t51.82787-15/795253690_17953372041250034_6867922747192839679_n.jpg?stp=dst-jpg_e35_tt6&_nc_cat=101&ig_cache_key=Mzk3ODk1NzEyMjI4NDMwOTM2OQ%3D%3D.3-ccb7-5&ccb=7-5&_nc_sid=58cdad&efg=eyJ2ZW5jb2RlX3RhZyI6IkNBUk9VU0VMX0lURU0ueHBpZHMuMTA4MC5zZHIucmVndWxhcl9waG90by5DMyJ9&_nc_ohc=ZP2nuUF3pdYQ7kNvwEmeK1O&_nc_oc=AdpSDPFiYXRDUKcfc95vJhILAbUK3Lmd91-ab9SvAKLFa6WM76FCVvtDlB1GvXfZ-R8&_nc_ad=z-m&_nc_cid=0&_nc_zt=23&_nc_ht=scontent-bos5-1.cdninstagram.com&_nc_gid=1VybPjbobaf5j0deIO7cIQ&_nc_ss=7a22e&oh=00_AQLZTi_fFwTI2IVvqSYXvEiKSwFecMFetZ4oINoEZICzZQ&oe=6AAD16AB"", ""https://scontent-bos5-1.cdninstagram.com/v/t51.82787-15/795438477_17953372071250034_1917728079480436244_n.jpg?stp=dst-jpg_e35_tt6&_nc_cat=110&ig_cache_key=Mzk3ODk1NzEyMzYzNDkwMjAwNA%3D%3D.3-ccb7-5&ccb=7-5&_nc_sid=58cdad&efg=eyJ2ZW5jb2RlX3RhZyI6IkNBUk9VU0VMX0lURU0ueHBpZHMuMTA4MC5zZHIucmVndWxhcl9waG90by5DMyJ9&_nc_ohc=0XYOTTZ7NC0Q7kNvwHnUakI&_nc_oc=Adq8swtW3ryoJ9dVS8zuLjh9I01Wi8JUIq4ff22JUjkJ821GgKhOT04WPDbMKwn4EiA&_nc_ad=z-m&_nc_cid=0&_nc_zt=23&_nc_ht=scontent-bos5-1.cdninstagram.com&_nc_gid=1VybPjbobaf5j0deIO7cIQ&_nc_ss=7a22e&oh=00_AQKdWp0jRl4QvoDGfkBGoOTF8lVYtfTYdarNhoDtR1R3ag&oe=6AACE420"", ""https://scontent-bos5-1.cdninstagram.com/v/t51.82787-15/796303123_17953372083250034_4739821523434735271_n.jpg?stp=dst-jpg_e35_tt6&_nc_cat=111&ig_cache_key=Mzk3ODk1NzEyNDQ5MDYxMDc2NQ%3D%3D.3-ccb7-5&ccb=7-5&_nc_sid=58cdad&efg=eyJ2ZW5jb2RlX3RhZyI6IkNBUk9VU0VMX0lURU0ueHBpZHMuMTA4MC5zZHIucmVndWxhcl9waG90by5DMyJ9&_nc_ohc=qC0hhVReFyIQ7kNvwFfb6hG&_nc_oc=AdrYdlusu3kKLEpjWYMT2sCyS-xjMAzhM-TVh0rsnaSiEO8rfJup6jWzx8IazLJ3Nik&_nc_ad=z-m&_nc_cid=0&_nc_zt=23&_nc_ht=scontent-bos5-1.cdninstagram.com&_nc_gid=1VybPjbobaf5j0deIO7cIQ&_nc_ss=7a22e&oh=00_AQIOCz2o2ZJ74bcg4UZiJgl0uKTzUsFes9yrIVQucqjDQg&oe=6AAD10CE"", ""https://scontent-bos5-1.cdninstagram.com/v/t51.82787-15/795289352_17953372104250034_6079253727339320066_n.jpg?stp=dst-jpg_e35_tt6&_nc_cat=108&ig_cache_key=Mzk3ODk1NzEyNDc4NDM0NDEzMA%3D%3D.3-ccb7-5&ccb=7-5&_nc_sid=58cdad&efg=eyJ2ZW5jb2RlX3RhZyI6IkNBUk9VU0VMX0lURU0ueHBpZHMuMTA4MC5zZHIucmVndWxhcl9waG90by5DMyJ9&_nc_ohc=bP-1dbZNUlUQ7kNvwEMCfvJ&_nc_oc=AdqadvLZh0uDRcv_fWnupktN2WlpHQNngU9Ry5aoF0PYrUhgRLne0xxfRysLV_fd-Js&_nc_ad=z-m&_nc_cid=0&_nc_zt=23&_nc_ht=scontent-bos5-1.cdninstagram.com&_nc_gid=1VybPjbobaf5j0deIO7cIQ&_nc_ss=7a22e&oh=00_AQLKGFHEHctcV07H5xlv3Ugkk3gRWGySbucW0ORmS60a1A&oe=6AACF4CD"", ""https://scontent-bos5-1.cdninstagram.com/v/t51.82787-15/795507985_17953372062250034_7319732487553952938_n.jpg?stp=dst-jpg_e35_tt6&_nc_cat=102&ig_cache_key=Mzk3ODk1NzEyNTk5MjE5MzE3NQ%3D%3D.3-ccb7-5&ccb=7-5&_nc_sid=58cdad&efg=eyJ2ZW5jb2RlX3RhZyI6IkNBUk9VU0VMX0lURU0ueHBpZHMuMTI4NC5zZHIucmVndWxhcl9waG90by5DMyJ9&_nc_ohc=-fG9kKrXqAwQ7kNvwH9bynZ&_nc_oc=Adqi0FyBMnoYF8eQMIlMogHuYAAfClpxJYdGxKlUQpP3Dr13L6DmzA4Z_dpIoSMYUKg&_nc_ad=z-m&_nc_cid=0&_nc_zt=23&_nc_ht=scontent-bos5-1.cdninstagram.com&_nc_gid=1VybPjbobaf5j0deIO7cIQ&_nc_ss=7a22e&oh=00_AQJQe8TFJDEeoC8bAbyDwcWGPS9vxQIOVOsWt_ZNIYjT_w&oe=6AAD14EB"", ""https://scontent-bos5-1.cdninstagram.com/v/t51.82787-15/796460492_17953372122250034_2009668742871980634_n.jpg?stp=dst-jpg_e35_tt6&_nc_cat=108&ig_cache_key=Mzk3ODk1NzEzMDI5NTQ4MDQ1MQ%3D%3D.3-ccb7-5&ccb=7-5&_nc_sid=58cdad&efg=eyJ2ZW5jb2RlX3RhZyI6IkNBUk9VU0VMX0lURU0ueHBpZHMuMTA4MC5zZHIucmVndWxhcl9waG90by5DMyJ9&_nc_ohc=SRxyoSOXbKEQ7kNvwESzATy&_nc_oc=AdpEv-ZoC217z1hmVFGB9SnlXO9ojXrggAFG71hBlZW7NwfUGo50-Mpo9Zz7PeZTb4E&_nc_ad=z-m&_nc_cid=0&_nc_zt=23&_nc_ht=scontent-bos5-1.cdninstagram.com&_nc_gid=1VybPjbobaf5j0deIO7cIQ&_nc_ss=7a22e&oh=00_AQLLi8A1ZMLJ_Iuqlc5rOXGzYtwpUff5i7T2ngt25H76Mg&oe=6AAD0241"", ""https://scontent-bos5-1.cdninstagram.com/v/t51.82787-15/793902321_17953372131250034_5442376318546292426_n.jpg?stp=dst-jpg_e35_tt6&_nc_cat=110&ig_cache_key=Mzk3ODk1NzEzMTMwMjA1MTM4MQ%3D%3D.3-ccb7-5&ccb=7-5&_nc_sid=58cdad&efg=eyJ2ZW5jb2RlX3RhZyI6IkNBUk9VU0VMX0lURU0ueHBpZHMuMTA4MC5zZHIucmVndWxhcl9waG90by5DMyJ9&_nc_ohc=Jm2uO1hEA2kQ7kNvwFWKTBT&_nc_oc=Adrz9do6gnrVE79QYF-0bWvFjUyIuIUjrWRHQ614QLKTU4F7WNx5v8TAZg1mnA1DM-A&_nc_ad=z-m&_nc_cid=0&_nc_zt=23&_nc_ht=scontent-bos5-1.cdninstagram.com&_nc_gid=1VybPjbobaf5j0deIO7cIQ&_nc_ss=7a22e&oh=00_AQJia_-IsRFDmJH_ajI2sYftRM8QZ-Hkd1CmDwrXhMJXjg&oe=6AACE7AD"", ""https://scontent-bos5-1.cdninstagram.com/v/t51.82787-15/795946633_17953372140250034_4580417563051895815_n.jpg?stp=dst-jpg_e35_tt6&_nc_cat=107&ig_cache_key=Mzk3ODk1NzEzMjAwNjc0NTQyMQ%3D%3D.3-ccb7-5&ccb=7-5&_nc_sid=58cdad&efg=eyJ2ZW5jb2RlX3RhZyI6IkNBUk9VU0VMX0lURU0ueHBpZHMuMTA4MC5zZHIucmVndWxhcl9waG90by5DMyJ9&_nc_ohc=xqOd0C-xFfIQ7kNvwEs2mYv&_nc_oc=AdrHvAijBDGTR_xlvnbp638G395-3d6mDxr3BBGoTQfpb2MQUgqDGIVVXK58ORrgJZE&_nc_ad=z-m&_nc_cid=0&_nc_zt=23&_nc_ht=scontent-bos5-1.cdninstagram.com&_nc_gid=1VybPjbobaf5j0deIO7cIQ&_nc_ss=7a22e&oh=00_AQIooZuQiYATeYgPxWaB4ZYgMWEfHYydeyr9R5p4kS9Rxw&oe=6AACF49D"", ""https://scontent-bos5-1.cdninstagram.com/v/t51.82787-15/793902316_17953372158250034_3749646563488830457_n.jpg?stp=dst-jpg_e35_tt6&_nc_cat=108&ig_cache_key=Mzk3ODk1NzEzMzgxODYzMDI3MA%3D%3D.3-ccb7-5&ccb=7-5&_nc_sid=58cdad&efg=eyJ2ZW5jb2RlX3RhZyI6IkNBUk9VU0VMX0lURU0ueHBpZHMuMTA4MC5zZHIucmVndWxhcl9waG90by5DMyJ9&_nc_ohc=o9-4CsEux7QQ7kNvwH3iC3J&_nc_oc=AdqBT3l45y9aJALHzmqGddtK7OoRz2GMprRk21ArpLaeTlkTYAduZ0DCXvoARsrYJSI&_nc_ad=z-m&_nc_cid=0&_nc_zt=23&_nc_ht=scontent-bos5-1.cdninstagram.com&_nc_gid=1VybPjbobaf5j0deIO7cIQ&_nc_ss=7a22e&oh=00_AQLnX02xWwf2ryudiJHTQsm2x5B_lS6VI1AXMMkZKI8txg&oe=6AAD0CB4"", ""https://scontent-bos5-1.cdninstagram.com/v/t51.82787-15/793902321_17953372173250034_499342622246854954_n.jpg?stp=dst-jpg_e35_tt6&_nc_cat=105&ig_cache_key=Mzk3ODk1NzEzNTIwMjk0NTA0MA%3D%3D.3-ccb7-5&ccb=7-5&_nc_sid=58cdad&efg=eyJ2ZW5jb2RlX3RhZyI6IkNBUk9VU0VMX0lURU0ueHBpZHMuMTA4MC5zZHIucmVndWxhcl9waG90by5DMyJ9&_nc_ohc=WxjW_gmY5uwQ7kNvwELcgtx&_nc_oc=Adp06rchiLd_i54L_NH9ZbRMhz-5-CoOJZDsJb4Q0N4_XceS6-mIOpu6OLZmJF6m-6w&_nc_ad=z-m&_nc_cid=0&_nc_zt=23&_nc_ht=scontent-bos5-1.cdninstagram.com&_nc_gid=1VybPjbobaf5j0deIO7cIQ&_nc_ss=7a22e&oh=00_AQKLEGswzeuufIKuoo9bRjK_iGxVm6OSeLogubUs8gM3hg&oe=6AACFDF1"", ""https://www.instagram.com/p/Dc4GGhMR1Yp/"", ""https://www.instagram.com/p/Dc4GGhzxBsg/"", ""https://www.instagram.com/p/Dc4GGiuxLua/"", ""https://www.instagram.com/p/Dc4GGjiRfVz/"", ""https://www.instagram.com/p/Dc4GGkQx-Pf/"", ""https://www.instagram.com/p/Dc4GGlyxhBM/"", ""https://www.instagram.com/p/Dc4GGmjx_kf/"", ""https://www.instagram.com/p/Dc4GGn0xdEt/"", ""https://www.instagram.com/p/Dc4GGpKxb4b/"", ""https://www.instagram.com/p/Dc4GGvaREt5/"", ""https://www.instagram.com/p/Dc4GGwqxLP0/"", ""https://www.instagram.com/p/Dc4GGxdxchN/"", ""https://www.instagram.com/p/Dc4GGxvR8xC/"", ""https://www.instagram.com/p/Dc4GGy3RhyX/"", ""https://www.instagram.com/p/Dc4GG23xRCD/"", ""https://www.instagram.com/p/Dc4GG3zxB41/"", ""https://www.instagram.com/p/Dc4GG4dxOVN/"", ""https://www.instagram.com/p/Dc4GG6JxBB-/"", ""https://www.instagram.com/p/Dc4GG7cRwgQ/""]"
293bad1dc55d9b87e26f868193e4546c2f65af24dc0dd714bd160e8314a58d36,,,,,https://www.instagram.com/p/Dc3p0xbuKu5/,Dc3p0xbuKu5,bugiotrindade,2026-09-04T14:57:28.000Z,"🍻🪗 MUDANÇA DE ROTA NO SÁBADO: NOSSO FORROZINHO DE LEI SERÁ COM A XEPA!
A Xepa é um trio musical que transita entre o universo cancioneiro e os diferentes ritmos das manifestações da cultura popular brasileira. Se nutre das expressões de poetas e poetisas buscando enaltecer as formas delicadas e dançantes e expressá-las no ritmo do forró 
.
Com Cassiano @cassiano.vedana no Violão/Flauta/Vocal, Lagartixa @lagartishow na Percussão/Percussão/Vocal e Tai @haniatle na Percussão/Pife/Vocal, o trio vai encantar os forrozeiros da ilha neste sábado.

E chegue cedo que tem promo de chope em dobro até as 20h!",Image,"[""https://scontent-ams2-1.cdninstagram.com/v/t51.82787-15/794225821_18018011108923638_5268044950156665892_n.heic?stp=dst-jpg_e35_tt6&_nc_cat=110&ig_cache_key=Mzk3ODgzMjc0MjIwMzMwNDg4OQ%3D%3D.3-ccb7-5&ccb=7-5&_nc_sid=58cdad&efg=eyJ2ZW5jb2RlX3RhZyI6IkZFRUQueHBpZHMuMTQ0MC5zZHIucmVndWxhcl9waG90by5DMyJ9&_nc_ohc=DmmcGHgv1LMQ7kNvwFh3Op-&_nc_oc=AdrNDFo-rSvA2MRaRXyJcJDHPaYbm5YpcP62V_8fgfX5JaTvVf-rzQD67yn-RBRtiv_WlyL1bbtsKv4VA-YwiPLU&_nc_ad=z-m&_nc_cid=0&_nc_zt=23&_nc_ht=scontent-ams2-1.cdninstagram.com&_nc_gid=rjngGqk4NmdP_O-lDgpKNQ&_nc_ss=7a22e&oh=00_AQL43A-E8LKiPV2V1iV4axjEOyYEieuYZ9V7YmPfekFcLA&oe=6AAD055D""]"
